{"train/loss": 0.6859, "train/learning_rate": 0.0, "train/epoch": 10.0, "train/global_step": 80, "_timestamp": 1684697528.755119, "_runtime": 119.27096700668335, "_step": 23, "eval/loss": 0.750595020851556, "eval/f1": 0.5214938727873955, "eval/roc_auc": 0.5803278844235902, "eval/accuracy": 0.5626666666666666, "eval/runtime": 3.2326, "eval/samples_per_second": 232.01, "eval/steps_per_second": 3.712, "train/train_runtime": 108.4904, "train/train_samples_per_second": 46.087, "train/train_steps_per_second": 0.737, "train/total_flos": 197847180300000.0, "train/train_loss": 0.689940083026886, "test/loss": 0.7944823447952182, "test/f1": 0.4734430301897486, "test/roc_auc": 0.5267791411042945, "test/accuracy": 0.5187793427230047, "test/runtime": 1.6967, "test/samples_per_second": 251.081, "test/steps_per_second": 4.126, "classification_report": {"_type": "table-file", "sha256": "150590ee2977f203c274c8a14cb79473a3b2436369ce2af0c69b7c6b27ebfc77", "size": 564, "artifact_path": "wandb-client-artifact://zhqm1puqwyi396u7uc11h28td9sx5t88vgrblgrb00c9sn71hjirzlxrt13n9t68521tlqkcnqdmq09uwba7eokaqpm1xfh32bhfdgg4p2blb8gu1qupsvitu3gnn26w:latest/classification_report.table.json", "_latest_artifact_path": "wandb-client-artifact://zhqm1puqwyi396u7uc11h28td9sx5t88vgrblgrb00c9sn71hjirzlxrt13n9t68521tlqkcnqdmq09uwba7eokaqpm1xfh32bhfdgg4p2blb8gu1qupsvitu3gnn26w:latest/classification_report.table.json", "path": "media/table/classification_report_23_150590ee2977f203c274.table.json", "ncols": 7, "nrows": 4}, "_wandb": {"runtime": 118}}