{"train/loss": 0.6866, "train/learning_rate": 1.2e-05, "train/epoch": 4.0, "train/global_step": 188, "_timestamp": 1684863007.3056862, "_runtime": 153.2639262676239, "_step": 7, "eval/loss": 1.0252616875182228, "eval/f1": 0.2607482224732541, "eval/roc_auc": 0.5164417131296246, "eval/accuracy": 0.288, "eval/runtime": 3.3814, "eval/samples_per_second": 221.805, "eval/steps_per_second": 3.549, "_wandb": {"runtime": 178}}