{"train/loss": 0.1126, "train/learning_rate": 0.0, "train/epoch": 10.0, "train/global_step": 280, "_timestamp": 1684702483.5042915, "_runtime": 288.873099565506, "_step": 23, "eval/loss": 0.41459502085155625, "eval/f1": 0.8626651632116112, "eval/roc_auc": 0.9249484712341257, "eval/accuracy": 0.8986666666666666, "eval/runtime": 3.3013, "eval/samples_per_second": 227.186, "eval/steps_per_second": 3.635, "train/train_runtime": 278.9346, "train/train_samples_per_second": 62.739, "train/train_steps_per_second": 1.004, "train/total_flos": 1043194223400000.0, "train/train_loss": 0.31567059244428364, "test/loss": 0.5902569926825421, "test/f1": 0.5973147910792105, "test/roc_auc": 0.6062039877300613, "test/accuracy": 0.7230046948356808, "test/runtime": 1.7036, "test/samples_per_second": 250.059, "test/steps_per_second": 4.109, "classification_report": {"_type": "table-file", "sha256": "54d9025d30adff38d7f0f6adaaf7fe9826d0936588fd9f7cf70172c84ce9e08b", "size": 561, "artifact_path": "wandb-client-artifact://tomacdsyo5ik703u951u6gi2kltgtx0sgcahhqwxxzr9rckjkp9grodghaz8550x6nepgrlf9tnxr26tu4lmo89a4b1d7nf72i1iyft8uy7ew1pkm12ro1sgdsg2rpod:latest/classification_report.table.json", "_latest_artifact_path": "wandb-client-artifact://tomacdsyo5ik703u951u6gi2kltgtx0sgcahhqwxxzr9rckjkp9grodghaz8550x6nepgrlf9tnxr26tu4lmo89a4b1d7nf72i1iyft8uy7ew1pkm12ro1sgdsg2rpod:latest/classification_report.table.json", "path": "media/table/classification_report_23_54d9025d30adff38d7f0.table.json", "ncols": 7, "nrows": 4}, "_wandb": {"runtime": 288}}