{"train/loss": 0.0009, "train/learning_rate": 0.0, "train/epoch": 10.0, "train/global_step": 1160, "_timestamp": 1686504919.0291743, "_runtime": 413.9040803909302, "_step": 23, "eval/loss": 0.31326168751822286, "eval/f1": 1.0, "eval/roc_auc": 1.0, "eval/accuracy": 1.0, "eval/runtime": 1.6795, "eval/samples_per_second": 29.771, "eval/steps_per_second": 7.74, "train/train_runtime": 402.5339, "train/train_samples_per_second": 11.527, "train/train_steps_per_second": 2.882, "train/total_flos": 615186536313600.0, "train/train_loss": 0.047033840218751594, "test/loss": 0.3221902589467943, "test/f1": 0.9887357940259479, "test/roc_auc": 0.9960175228992434, "test/accuracy": 0.9910714285714286, "test/runtime": 3.3369, "test/samples_per_second": 33.564, "test/steps_per_second": 8.391, "classification_report": {"_type": "table-file", "sha256": "e807d4bc3d8427a7f29023410200d8158c11d2a11f167281260e803022ca0a7b", "size": 534, "artifact_path": "wandb-client-artifact://8nv7ht9pnylbyald8y6q0v4yec15lbouufzrl5us75zg3o123x6fvswupaayq77xdn8fnlrx2zokg2jr44akedabulofzf4szydefygabjwqt900kx888istmr5pbgvr:latest/classification_report.table.json", "_latest_artifact_path": "wandb-client-artifact://8nv7ht9pnylbyald8y6q0v4yec15lbouufzrl5us75zg3o123x6fvswupaayq77xdn8fnlrx2zokg2jr44akedabulofzf4szydefygabjwqt900kx888istmr5pbgvr:latest/classification_report.table.json", "path": "media/table/classification_report_23_e807d4bc3d8427a7f290.table.json", "ncols": 7, "nrows": 4}, "_wandb": {"runtime": 413}}