{"Validation Accuracy": 0.625, "Validation Macro F1": 0.5636363636363636, "Validation Precision": 0.5666666666666667, "_timestamp": 1686910426.7730691, "_runtime": 55.538732051849365, "_step": 10, "Test Accuracy": 0.5952380952380952, "Test Macro F1": 0.373134328358209, "Test Precision": 0.33783783783783783, "_wandb": {"runtime": 55}}