{"train/loss": 0.6941, "train/learning_rate": 0.0, "train/epoch": 10.0, "train/global_step": 80, "_timestamp": 1684863177.6477458, "_runtime": 123.48377394676208, "_step": 23, "eval/loss": 0.5665950208515563, "eval/f1": 0.42748091603053434, "eval/roc_auc": 0.4407585414272281, "eval/accuracy": 0.7466666666666667, "eval/runtime": 3.2793, "eval/samples_per_second": 228.706, "eval/steps_per_second": 3.659, "train/train_runtime": 113.2523, "train/train_samples_per_second": 44.149, "train/train_steps_per_second": 0.706, "train/total_flos": 197847180300000.0, "train/train_loss": 0.696768295764923, "test/loss": 0.5503508893961572, "test/f1": 0.43275632490013316, "test/roc_auc": 0.5185276073619631, "test/accuracy": 0.7629107981220657, "test/runtime": 1.6687, "test/samples_per_second": 255.284, "test/steps_per_second": 4.195, "classification_report": {"_type": "table-file", "sha256": "f489174fe7b6ac5c7bb1d9b485a3bce1b2e3ef8738f6d4d7e1ddbc0017d27f93", "size": 534, "artifact_path": "wandb-client-artifact://bypz25dy4h90z1qls4pdp35sreulo7r8ausshff1542phgsmo3i8q90cf06rkfs1ul1ww1bvywye18w6al3h3wwmxt6edzs934ksqzumx42r0taruobisx3axxmwydgs:latest/classification_report.table.json", "_latest_artifact_path": "wandb-client-artifact://bypz25dy4h90z1qls4pdp35sreulo7r8ausshff1542phgsmo3i8q90cf06rkfs1ul1ww1bvywye18w6al3h3wwmxt6edzs934ksqzumx42r0taruobisx3axxmwydgs:latest/classification_report.table.json", "path": "media/table/classification_report_23_f489174fe7b6ac5c7bb1.table.json", "ncols": 7, "nrows": 4}, "_wandb": {"runtime": 122}}