{"train/loss": 0.6757, "train/learning_rate": 0.0, "train/epoch": 10.0, "train/global_step": 320, "_timestamp": 1684695028.3869758, "_runtime": 313.57700181007385, "_step": 23, "eval/loss": 0.7039283541848895, "eval/f1": 0.4809516948491984, "eval/roc_auc": 0.49147044575944376, "eval/accuracy": 0.6093333333333333, "eval/runtime": 3.3749, "eval/samples_per_second": 222.23, "eval/steps_per_second": 3.556, "train/train_runtime": 303.218, "train/train_samples_per_second": 65.959, "train/train_steps_per_second": 1.055, "train/total_flos": 1068888662400000.0, "train/train_loss": 0.6829163014888764, "test/loss": 0.6465950208515562, "test/f1": 0.5454326850822087, "test/roc_auc": 0.5678527607361963, "test/accuracy": 0.6666666666666666, "test/runtime": 1.7822, "test/samples_per_second": 239.034, "test/steps_per_second": 3.928, "classification_report": {"_type": "table-file", "sha256": "d303f6450e21559363210f8dfefa98f63cecbf276da2da75a1badb4a848b4d65", "size": 549, "artifact_path": "wandb-client-artifact://vr2knnkupk44zba1q58kmd7fxn3lg6kuwdcolxjqupic61xw0hpb61fk4vfqd9dxg5y2bc26mostc1vuz2n468ttxwn055z84fq6g0t15cglc3qdn5z2mf6ur07x5tb0:latest/classification_report.table.json", "_latest_artifact_path": "wandb-client-artifact://vr2knnkupk44zba1q58kmd7fxn3lg6kuwdcolxjqupic61xw0hpb61fk4vfqd9dxg5y2bc26mostc1vuz2n468ttxwn055z84fq6g0t15cglc3qdn5z2mf6ur07x5tb0:latest/classification_report.table.json", "path": "media/table/classification_report_23_d303f6450e2155936321.table.json", "ncols": 7, "nrows": 4}, "_wandb": {"runtime": 313}}