{"train/loss": 0.0139, "train/learning_rate": 0.0, "train/epoch": 10.0, "train/global_step": 400, "_timestamp": 1684774658.667714, "_runtime": 291.81150817871094, "_step": 23, "eval/loss": 0.950237160798014, "eval/f1": 0.5639929923296186, "eval/roc_auc": 0.7561489604188476, "eval/accuracy": 0.6, "eval/runtime": 2.818, "eval/samples_per_second": 266.145, "eval/steps_per_second": 4.258, "train/train_runtime": 242.9163, "train/train_samples_per_second": 102.916, "train/train_steps_per_second": 1.647, "train/total_flos": 680863524431328.0, "train/train_loss": 0.0883245213329792, "test/loss": 1.077029449108657, "test/f1": 0.4380422097026135, "test/roc_auc": 0.6775190003283548, "test/accuracy": 0.47224031260175836, "test/runtime": 41.8157, "test/samples_per_second": 293.765, "test/steps_per_second": 4.592, "classification_report": {"_type": "table-file", "sha256": "8ea8d6bc098ac6dc51240b00281d4616d5adadfb46d56b08999d8291237e554c", "size": 669, "artifact_path": "wandb-client-artifact://2541wbp5sat8vllda9ms019xnqb4t8zoqwvmgegppymh0kxy1secwaax7e4h74js0w50njzujyh2lkxohkggsazt0g6xa3pom02ir4gxqun2dlp6b521ijptmvoqnxao:latest/classification_report.table.json", "_latest_artifact_path": "wandb-client-artifact://2541wbp5sat8vllda9ms019xnqb4t8zoqwvmgegppymh0kxy1secwaax7e4h74js0w50njzujyh2lkxohkggsazt0g6xa3pom02ir4gxqun2dlp6b521ijptmvoqnxao:latest/classification_report.table.json", "path": "media/table/classification_report_23_8ea8d6bc098ac6dc5124.table.json", "ncols": 8, "nrows": 4}, "_wandb": {"runtime": 291}}