{"Validation Accuracy": 0.5, "Validation Macro F1": 0.5, "Validation Precision": 0.6666666666666666, "_timestamp": 1686910968.0782382, "_runtime": 46.61856722831726, "_step": 10, "Test Accuracy": 0.5, "Test Macro F1": 0.4759358288770053, "Test Precision": 0.5, "_wandb": {"runtime": 46}}