{"train/loss": 0.6774, "train/learning_rate": 0.0, "train/epoch": 10.0, "train/global_step": 240, "_timestamp": 1684857470.6053634, "_runtime": 226.4493544101715, "_step": 23, "eval/loss": 0.5905950208515564, "eval/f1": 0.4501543797318445, "eval/roc_auc": 0.49202135238077144, "eval/accuracy": 0.7226666666666667, "eval/runtime": 3.077, "eval/samples_per_second": 243.744, "eval/steps_per_second": 3.9, "train/train_runtime": 217.4646, "train/train_samples_per_second": 68.977, "train/train_steps_per_second": 1.104, "train/total_flos": 801666496800000.0, "train/train_loss": 0.681540330251058, "test/loss": 0.5667828142787863, "test/f1": 0.4834044464406019, "test/roc_auc": 0.5110122699386503, "test/accuracy": 0.7464788732394366, "test/runtime": 1.6167, "test/samples_per_second": 263.492, "test/steps_per_second": 4.33, "classification_report": {"_type": "table-file", "sha256": "e950f1a19c55d9d0c0a2d9849cb5540c722df9580efdbe73c43d2ac7829486dc", "size": 561, "artifact_path": "wandb-client-artifact://1pya0h8py4zmpjgx5tghpw5nkznnel1nghbqch6nqmszsw3ek8ujlxgwthpx19cc8ocf5ybnxeulhm8329fuoicb5tr2ocwufkoobzzsub37gyhgo4bv5cwtgxvhxise:latest/classification_report.table.json", "_latest_artifact_path": "wandb-client-artifact://1pya0h8py4zmpjgx5tghpw5nkznnel1nghbqch6nqmszsw3ek8ujlxgwthpx19cc8ocf5ybnxeulhm8329fuoicb5tr2ocwufkoobzzsub37gyhgo4bv5cwtgxvhxise:latest/classification_report.table.json", "path": "media/table/classification_report_23_e950f1a19c55d9d0c0a2.table.json", "ncols": 7, "nrows": 4}, "_wandb": {"runtime": 225}}