{"train/loss": 0.6942, "train/learning_rate": 0.0, "train/epoch": 10.0, "train/global_step": 470, "_timestamp": 1684692728.9420679, "_runtime": 415.2246558666229, "_step": 23, "eval/loss": 0.5625950208515563, "eval/f1": 0.4287890327494288, "eval/roc_auc": 0.484555617822779, "eval/accuracy": 0.7506666666666667, "eval/runtime": 3.3283, "eval/samples_per_second": 225.338, "eval/steps_per_second": 3.605, "train/train_runtime": 404.76, "train/train_samples_per_second": 74.118, "train/train_steps_per_second": 1.161, "train/total_flos": 1603332993600000.0, "train/train_loss": 0.6958779761131774, "test/loss": 0.5480034715557816, "test/f1": 0.43351063829787234, "test/roc_auc": 0.5671165644171778, "test/accuracy": 0.7652582159624414, "test/runtime": 1.7256, "test/samples_per_second": 246.869, "test/steps_per_second": 4.057, "classification_report": {"_type": "table-file", "sha256": "5a9065e9529bfa13f69e14ea63df6ac56c014a8232f9d6307ff7833d045e91d3", "size": 502, "artifact_path": "wandb-client-artifact://2iovpfckwm69j5de0et5rkaykbwi0yzmfg1yo9ut37wkqvx91ipuh0rjnkack592jq2na650aszy8h1ux695xeyacxcpeslmz0h1t9x4jc1vw441qdi0oio7jb5uqs1j:latest/classification_report.table.json", "_latest_artifact_path": "wandb-client-artifact://2iovpfckwm69j5de0et5rkaykbwi0yzmfg1yo9ut37wkqvx91ipuh0rjnkack592jq2na650aszy8h1ux695xeyacxcpeslmz0h1t9x4jc1vw441qdi0oio7jb5uqs1j:latest/classification_report.table.json", "path": "media/table/classification_report_23_5a9065e9529bfa13f69e.table.json", "ncols": 7, "nrows": 4}, "_wandb": {"runtime": 414}}