{"train/loss": 0.6992, "train/learning_rate": 1.8e-05, "train/epoch": 1.0, "train/global_step": 71, "_timestamp": 1684693857.65592, "_runtime": 63.26424598693848, "_step": 1, "eval/loss": 0.7665950208515562, "eval/f1": 0.4939833629667259, "eval/roc_auc": 0.5111986018369886, "eval/accuracy": 0.5466666666666666, "eval/runtime": 3.3901, "eval/samples_per_second": 221.23, "eval/steps_per_second": 3.54, "_wandb": {"runtime": 68}}