{"Validation Accuracy": 0.5625, "Validation Macro F1": 0.36, "Validation Precision": 0.28125, "_timestamp": 1686905791.6177793, "_runtime": 8.193990230560303, "_step": 4, "_wandb": {"runtime": 8}}