{"train/loss": 0.6834, "train/learning_rate": 0.0, "train/epoch": 10.0, "train/global_step": 80, "_timestamp": 1684703187.7656825, "_runtime": 345.99040246009827, "_step": 23, "eval/loss": 0.8279283541848893, "eval/f1": 0.47401889534883723, "eval/roc_auc": 0.561150634967373, "eval/accuracy": 0.48533333333333334, "eval/runtime": 10.4737, "eval/samples_per_second": 71.608, "eval/steps_per_second": 1.146, "train/train_runtime": 324.5104, "train/train_samples_per_second": 15.408, "train/train_steps_per_second": 0.247, "train/total_flos": 700768700940000.0, "train/train_loss": 0.6905701935291291, "test/loss": 0.8813368048891148, "test/f1": 0.4219356285746327, "test/roc_auc": 0.5035889570552148, "test/accuracy": 0.431924882629108, "test/runtime": 5.4632, "test/samples_per_second": 77.976, "test/steps_per_second": 1.281, "classification_report": {"_type": "table-file", "sha256": "a56d4c96524bdadf3ecd619c50c5ca5619ec5773544c8452bb84f547a0f964cf", "size": 559, "artifact_path": "wandb-client-artifact://g3h2ryrkrx3c8wol40f4kpkwqrimj5xnb0yehimltw0m8ua9l3in01zt9xggr0hvkdqie0ibh1cjoa1hu1ta2yutv4b9hw3r3gqnesa318lg905ihe0xum36j8nq29ae:latest/classification_report.table.json", "_latest_artifact_path": "wandb-client-artifact://g3h2ryrkrx3c8wol40f4kpkwqrimj5xnb0yehimltw0m8ua9l3in01zt9xggr0hvkdqie0ibh1cjoa1hu1ta2yutv4b9hw3r3gqnesa318lg905ihe0xum36j8nq29ae:latest/classification_report.table.json", "path": "media/table/classification_report_23_a56d4c96524bdadf3ecd.table.json", "ncols": 7, "nrows": 4}, "_wandb": {"runtime": 345}}