{"train/loss": 0.6551, "train/learning_rate": 1.8e-05, "train/epoch": 1.0, "train/global_step": 8, "_timestamp": 1684848671.7974584, "_runtime": 10.790307521820068, "_step": 1, "_wandb": {"runtime": 11}}