{"train/loss": 0.6855, "train/learning_rate": 0.0, "train/epoch": 10.0, "train/global_step": 940, "_timestamp": 1684764999.3098054, "_runtime": 497.5028073787689, "_step": 23, "eval/loss": 0.6239283541848895, "eval/f1": 0.5084042478374007, "eval/roc_auc": 0.568920318006098, "eval/accuracy": 0.6893333333333334, "eval/runtime": 4.6593, "eval/samples_per_second": 160.968, "eval/steps_per_second": 5.151, "train/train_runtime": 486.1095, "train/train_samples_per_second": 61.714, "train/train_steps_per_second": 1.934, "train/total_flos": 1187083081800000.0, "train/train_loss": 0.6911264054318692, "test/loss": 0.6278156781285515, "test/f1": 0.4844291907514451, "test/roc_auc": 0.5537423312883435, "test/accuracy": 0.6854460093896714, "test/runtime": 2.5634, "test/samples_per_second": 166.188, "test/steps_per_second": 5.462, "classification_report": {"_type": "table-file", "sha256": "824ce9f4a9475038da02caab4254b75e4363af8b9154ee7e4bb8f54abfd09c12", "size": 551, "artifact_path": "wandb-client-artifact://l5zwx7t7jz9fg601ux7han74ykwuxidx1lu0671o2f03sghp7hmej9gpv2xtwpedutma7efccezqzs2aglmf9j9ou4lg7150osguf08k5r4ioc1jv7bj34ziw3srr25c:latest/classification_report.table.json", "_latest_artifact_path": "wandb-client-artifact://l5zwx7t7jz9fg601ux7han74ykwuxidx1lu0671o2f03sghp7hmej9gpv2xtwpedutma7efccezqzs2aglmf9j9ou4lg7150osguf08k5r4ioc1jv7bj34ziw3srr25c:latest/classification_report.table.json", "path": "media/table/classification_report_23_824ce9f4a9475038da02.table.json", "ncols": 7, "nrows": 4}, "_wandb": {"runtime": 497}}