{"train/loss": 0.6765, "train/learning_rate": 0.0, "train/epoch": 10.0, "train/global_step": 400, "_timestamp": 1684843039.3504343, "_runtime": 344.4651653766632, "_step": 23, "eval/loss": 0.5692616875182229, "eval/f1": 0.43658444973081256, "eval/roc_auc": 0.5017287069841662, "eval/accuracy": 0.744, "eval/runtime": 3.1922, "eval/samples_per_second": 234.945, "eval/steps_per_second": 3.759, "train/train_runtime": 334.9741, "train/train_samples_per_second": 74.633, "train/train_steps_per_second": 1.194, "train/total_flos": 1335944328035280.0, "train/train_loss": 0.6764926958084106, "test/loss": 0.5480034715557816, "test/f1": 0.43351063829787234, "test/roc_auc": 0.5133128834355827, "test/accuracy": 0.7652582159624414, "test/runtime": 1.6546, "test/samples_per_second": 257.461, "test/steps_per_second": 4.231, "classification_report": {"_type": "table-file", "sha256": "5a9065e9529bfa13f69e14ea63df6ac56c014a8232f9d6307ff7833d045e91d3", "size": 502, "artifact_path": "wandb-client-artifact://mm7w056cod1xxegk96oqvwwellrxx6mdgcg9fvz7qax71qgvvcqlzawngl4quwy000b8dneasvagpj45m38k0xkh3l5p82oyz4m5xawy9i24jyceyix3q6dtfgm0yng5:latest/classification_report.table.json", "_latest_artifact_path": "wandb-client-artifact://mm7w056cod1xxegk96oqvwwellrxx6mdgcg9fvz7qax71qgvvcqlzawngl4quwy000b8dneasvagpj45m38k0xkh3l5p82oyz4m5xawy9i24jyceyix3q6dtfgm0yng5:latest/classification_report.table.json", "path": "media/table/classification_report_23_5a9065e9529bfa13f69e.table.json", "ncols": 7, "nrows": 4}, "_wandb": {"runtime": 343}}