{"train/loss": 0.6929, "train/learning_rate": 0.0, "train/epoch": 10.0, "train/global_step": 400, "_timestamp": 1684692303.4134934, "_runtime": 360.11297845840454, "_step": 23, "eval/loss": 0.5612616875182229, "eval/f1": 0.43443500259470674, "eval/roc_auc": 0.5154586297622553, "eval/accuracy": 0.752, "eval/runtime": 3.3787, "eval/samples_per_second": 221.979, "eval/steps_per_second": 3.552, "train/train_runtime": 349.7237, "train/train_samples_per_second": 71.485, "train/train_steps_per_second": 1.144, "train/total_flos": 1335944328035280.0, "train/train_loss": 0.6960300636291504, "test/loss": 0.5503508893961572, "test/f1": 0.43275632490013316, "test/roc_auc": 0.5110122699386503, "test/accuracy": 0.7629107981220657, "test/runtime": 1.7586, "test/samples_per_second": 242.239, "test/steps_per_second": 3.98, "classification_report": {"_type": "table-file", "sha256": "f489174fe7b6ac5c7bb1d9b485a3bce1b2e3ef8738f6d4d7e1ddbc0017d27f93", "size": 534, "artifact_path": "wandb-client-artifact://bchjld4m98dqufm0zckm241i3aufhxuoenl7ieupbn79n9utf2lzj3q7exmz6tahkj35fwmgmsass8kxl4m3kwx8woxje5hy090jfx065vxhjvn8gue9x8msoiga5ek3:latest/classification_report.table.json", "_latest_artifact_path": "wandb-client-artifact://bchjld4m98dqufm0zckm241i3aufhxuoenl7ieupbn79n9utf2lzj3q7exmz6tahkj35fwmgmsass8kxl4m3kwx8woxje5hy090jfx065vxhjvn8gue9x8msoiga5ek3:latest/classification_report.table.json", "path": "media/table/classification_report_23_f489174fe7b6ac5c7bb1.table.json", "ncols": 7, "nrows": 4}, "_wandb": {"runtime": 359}}