{"train/loss": 0.6694, "train/learning_rate": 0.0, "train/epoch": 10.0, "train/global_step": 1100, "_timestamp": 1684765630.46923, "_runtime": 620.647852897644, "_step": 23, "eval/loss": 0.6199283541848895, "eval/f1": 0.5323936026023313, "eval/roc_auc": 0.5521841547857638, "eval/accuracy": 0.6933333333333334, "eval/runtime": 4.7413, "eval/samples_per_second": 158.185, "eval/steps_per_second": 5.062, "train/train_runtime": 607.2769, "train/train_samples_per_second": 57.634, "train/train_steps_per_second": 1.811, "train/total_flos": 1867558159835040.0, "train/train_loss": 0.6765492595325817, "test/loss": 0.6653743635745609, "test/f1": 0.47172619047619047, "test/roc_auc": 0.47791411042944787, "test/accuracy": 0.647887323943662, "test/runtime": 2.6034, "test/samples_per_second": 163.635, "test/steps_per_second": 5.378, "classification_report": {"_type": "table-file", "sha256": "f4902373bda843c0576bd4722c9c5bc5ff65d3a72caada93535b3e9c7068e7fd", "size": 546, "artifact_path": "wandb-client-artifact://qcgvli8yqjdi9zrjg0fe6cejkgm3gt3comamf1pfgvwim7lra5lb0z7wgj5xun12vl7loygjka5cbpj8fhcn6ue59n317r0rflefzmfj6ydxjb40y321q98kxsg8tmkc:latest/classification_report.table.json", "_latest_artifact_path": "wandb-client-artifact://qcgvli8yqjdi9zrjg0fe6cejkgm3gt3comamf1pfgvwim7lra5lb0z7wgj5xun12vl7loygjka5cbpj8fhcn6ue59n317r0rflefzmfj6ydxjb40y321q98kxsg8tmkc:latest/classification_report.table.json", "path": "media/table/classification_report_23_f4902373bda843c0576b.table.json", "ncols": 7, "nrows": 4}, "_wandb": {"runtime": 620}}