{"train/loss": 0.6861, "train/learning_rate": 0.0, "train/epoch": 10.0, "train/global_step": 240, "_timestamp": 1684697950.784238, "_runtime": 243.0625240802765, "_step": 23, "eval/loss": 0.786595020851556, "eval/f1": 0.4711501218589297, "eval/roc_auc": 0.4661192427883474, "eval/accuracy": 0.5266666666666666, "eval/runtime": 3.3387, "eval/samples_per_second": 224.641, "eval/steps_per_second": 3.594, "train/train_runtime": 232.9984, "train/train_samples_per_second": 64.378, "train/train_steps_per_second": 1.03, "train/total_flos": 801666496800000.0, "train/train_loss": 0.6909164746602376, "test/loss": 0.7686607485510867, "test/f1": 0.49120862884160754, "test/roc_auc": 0.5234355828220858, "test/accuracy": 0.5446009389671361, "test/runtime": 1.7941, "test/samples_per_second": 237.443, "test/steps_per_second": 3.902, "classification_report": {"_type": "table-file", "sha256": "59a33abee80777f283542c2f9cf2f678f81e71c3fa2414cdfa3a7071b19cc569", "size": 549, "artifact_path": "wandb-client-artifact://otoayftxdrxfmpoll3gi0hftvi6d6iniid7syylkwbqae6xc7qatumh5js7vf6cvm1msza48fqkdw5a2aio1x1hrwwcxj93zhduqu2cinsuoeguw9zt1v2ura430xgm6:latest/classification_report.table.json", "_latest_artifact_path": "wandb-client-artifact://otoayftxdrxfmpoll3gi0hftvi6d6iniid7syylkwbqae6xc7qatumh5js7vf6cvm1msza48fqkdw5a2aio1x1hrwwcxj93zhduqu2cinsuoeguw9zt1v2ura430xgm6:latest/classification_report.table.json", "path": "media/table/classification_report_23_59a33abee80777f28354.table.json", "ncols": 7, "nrows": 4}, "_wandb": {"runtime": 242}}