{"Validation Accuracy": 0.4375, "Validation Macro F1": 0.43529411764705883, "Validation Precision": 0.4833333333333333, "_timestamp": 1686923319.9116554, "_runtime": 53.45166254043579, "_step": 31, "_wandb": {"runtime": 85}}