{"train/loss": 0.6792, "train/learning_rate": 0.0, "train/epoch": 10.0, "train/global_step": 630, "_timestamp": 1684844385.4104197, "_runtime": 495.2004246711731, "_step": 23, "eval/loss": 0.5732616875182229, "eval/f1": 0.43510789921938675, "eval/roc_auc": 0.4763965007931156, "eval/accuracy": 0.74, "eval/runtime": 3.1082, "eval/samples_per_second": 241.296, "eval/steps_per_second": 3.861, "train/train_runtime": 485.9759, "train/train_samples_per_second": 82.309, "train/train_steps_per_second": 1.296, "train/total_flos": 2137777324800000.0, "train/train_loss": 0.6831005762493799, "test/loss": 0.5526983072365328, "test/f1": 0.43200000000000005, "test/roc_auc": 0.544079754601227, "test/accuracy": 0.7605633802816901, "test/runtime": 1.6124, "test/samples_per_second": 264.204, "test/steps_per_second": 4.341, "classification_report": {"_type": "table-file", "sha256": "994226ff6271ef56058a5aca04094162149cfafccfb1e8d8876f351162395e4a", "size": 534, "artifact_path": "wandb-client-artifact://ne6ep8y5icysaub9saxmojbvrbxd8hi60smzhlj4y5cjupyz7fa8z3uuwz3mnwaxjcc1p2v1dtvb8tyvbfygeww4zcyqkbrikc801ol1xzaasbdxpotw50vr8x5h5b63:latest/classification_report.table.json", "_latest_artifact_path": "wandb-client-artifact://ne6ep8y5icysaub9saxmojbvrbxd8hi60smzhlj4y5cjupyz7fa8z3uuwz3mnwaxjcc1p2v1dtvb8tyvbfygeww4zcyqkbrikc801ol1xzaasbdxpotw50vr8x5h5b63:latest/classification_report.table.json", "path": "media/table/classification_report_23_994226ff6271ef56058a.table.json", "ncols": 7, "nrows": 4}, "_wandb": {"runtime": 494}}