{"Validation Accuracy": 0.5, "Validation Macro F1": 0.5, "Validation Precision": 0.6666666666666666, "_timestamp": 1686910568.5913436, "_runtime": 86.10514664649963, "_step": 10, "Test Accuracy": 0.35714285714285715, "Test Macro F1": 0.3567782189449802, "Test Precision": 0.4472140762463343, "_wandb": {"runtime": 85}}