{"train/loss": 0.6765, "train/learning_rate": 0.0, "train/epoch": 10.0, "train/global_step": 400, "_timestamp": 1684858130.5166109, "_runtime": 349.4756329059601, "_step": 23, "eval/loss": 0.5692616875182229, "eval/f1": 0.43658444973081256, "eval/roc_auc": 0.5017287069841662, "eval/accuracy": 0.744, "eval/runtime": 3.1015, "eval/samples_per_second": 241.821, "eval/steps_per_second": 3.869, "train/train_runtime": 340.0218, "train/train_samples_per_second": 73.525, "train/train_steps_per_second": 1.176, "train/total_flos": 1335944328035280.0, "train/train_loss": 0.6764926958084106, "test/loss": 0.5480034715557816, "test/f1": 0.43351063829787234, "test/roc_auc": 0.5133128834355827, "test/accuracy": 0.7652582159624414, "test/runtime": 1.6398, "test/samples_per_second": 259.782, "test/steps_per_second": 4.269, "classification_report": {"_type": "table-file", "sha256": "5a9065e9529bfa13f69e14ea63df6ac56c014a8232f9d6307ff7833d045e91d3", "size": 502, "artifact_path": "wandb-client-artifact://3kv144dmvwenix2vqlqmk7ydnp4060uvooanze0j7a0q1l5jsyyohsroadgxbn9pfn814bsn08v4mr3ba3l22c4vwrkt80v3n1nlwg0kcfd8tarktf06rjhaiavvhywt:latest/classification_report.table.json", "_latest_artifact_path": "wandb-client-artifact://3kv144dmvwenix2vqlqmk7ydnp4060uvooanze0j7a0q1l5jsyyohsroadgxbn9pfn814bsn08v4mr3ba3l22c4vwrkt80v3n1nlwg0kcfd8tarktf06rjhaiavvhywt:latest/classification_report.table.json", "path": "media/table/classification_report_23_5a9065e9529bfa13f69e.table.json", "ncols": 7, "nrows": 4}, "_wandb": {"runtime": 348}}