{"Validation Accuracy": 0.9375, "Validation Macro F1": 0.4838709677419355, "Validation Precision": 0.46875, "_timestamp": 1686861196.4785523, "_runtime": 107.38351726531982, "_step": 223, "_wandb": {"runtime": 107}}