{"Validation Accuracy": 0.75, "Validation Macro F1": 0.5897435897435896, "Validation Precision": 0.8666666666666667, "_timestamp": 1686869038.4659293, "_runtime": 194.70036435127258, "_step": 124, "_wandb": {"runtime": 207}}