{"train/loss": 0.447, "train/learning_rate": 0.0, "train/epoch": 10.0, "train/global_step": 320, "_timestamp": 1684875184.6801121, "_runtime": 295.32293915748596, "_step": 23, "eval/loss": 1.002595020851556, "eval/f1": 0.2984427328437359, "eval/roc_auc": 0.4995440772789012, "eval/accuracy": 0.31066666666666665, "eval/runtime": 3.3018, "eval/samples_per_second": 227.15, "eval/steps_per_second": 3.634, "train/train_runtime": 285.7084, "train/train_samples_per_second": 70.001, "train/train_steps_per_second": 1.12, "train/total_flos": 1068888662400000.0, "train/train_loss": 0.49908377826213834, "test/loss": 1.050350889396157, "test/f1": 0.24245650598042773, "test/roc_auc": 0.4929141104294479, "test/accuracy": 0.26291079812206575, "test/runtime": 1.7264, "test/samples_per_second": 246.75, "test/steps_per_second": 4.055, "classification_report": {"_type": "table-file", "sha256": "daa452fa4cfe799d6d232b195f284f359721e6ab836a151852b49b7a82bfd7ea", "size": 559, "artifact_path": "wandb-client-artifact://7y8gkg7ktfa35qd9mo4zto2r911qcd4mkr65d66o6pjfrztolb89a2aar6ruv3m0v96brzkouyd99io0g9c6dt1o1fklqh9mn6x0by62zwcwv4q90n8eabsp1wrk4ph5:latest/classification_report.table.json", "_latest_artifact_path": "wandb-client-artifact://7y8gkg7ktfa35qd9mo4zto2r911qcd4mkr65d66o6pjfrztolb89a2aar6ruv3m0v96brzkouyd99io0g9c6dt1o1fklqh9mn6x0by62zwcwv4q90n8eabsp1wrk4ph5:latest/classification_report.table.json", "path": "media/table/classification_report_23_daa452fa4cfe799d6d23.table.json", "ncols": 7, "nrows": 4}, "_wandb": {"runtime": 294}}