{"train/loss": 0.6812, "train/learning_rate": 0.0, "train/epoch": 10.0, "train/global_step": 400, "_timestamp": 1684698652.758038, "_runtime": 365.26050305366516, "_step": 23, "eval/loss": 0.7319283541848893, "eval/f1": 0.49235186590329033, "eval/roc_auc": 0.45777490715323754, "eval/accuracy": 0.5813333333333334, "eval/runtime": 3.4029, "eval/samples_per_second": 220.398, "eval/steps_per_second": 3.526, "train/train_runtime": 354.9416, "train/train_samples_per_second": 70.434, "train/train_steps_per_second": 1.127, "train/total_flos": 1335944328035280.0, "train/train_loss": 0.6868368148803711, "test/loss": 0.7545762415088331, "test/f1": 0.4840754483611627, "test/roc_auc": 0.5104907975460122, "test/accuracy": 0.5586854460093896, "test/runtime": 1.7965, "test/samples_per_second": 237.125, "test/steps_per_second": 3.896, "classification_report": {"_type": "table-file", "sha256": "19419b47cfdad109d0d7f1041814b3e2f2c5c3c38e64cd335600b1e25434838b", "size": 563, "artifact_path": "wandb-client-artifact://kfoeqlfcx4has182i4wqnmhsa3f5qy4psgogt1nsrf8q4gat0zwfjlclqjeylz3sy7tc62rrtmo828xselhewxx00y0358k3j3zel7r32te5586su7m2sgzlh5cn1zvn:latest/classification_report.table.json", "_latest_artifact_path": "wandb-client-artifact://kfoeqlfcx4has182i4wqnmhsa3f5qy4psgogt1nsrf8q4gat0zwfjlclqjeylz3sy7tc62rrtmo828xselhewxx00y0358k3j3zel7r32te5586su7m2sgzlh5cn1zvn:latest/classification_report.table.json", "path": "media/table/classification_report_23_19419b47cfdad109d0d7.table.json", "ncols": 7, "nrows": 4}, "_wandb": {"runtime": 364}}