{"train/loss": 0.1273, "train/learning_rate": 0.0, "train/epoch": 10.0, "train/global_step": 80, "_timestamp": 1684773689.2212868, "_runtime": 139.26905584335327, "_step": 23, "eval/loss": 1.0295325704091762, "eval/f1": 0.37477748851956144, "eval/roc_auc": 0.6372841814156999, "eval/accuracy": 0.4826666666666667, "eval/runtime": 2.9424, "eval/samples_per_second": 254.896, "eval/steps_per_second": 4.078, "train/train_runtime": 89.3572, "train/train_samples_per_second": 55.955, "train/train_steps_per_second": 0.895, "train/total_flos": 115626013650000.0, "train/train_loss": 0.2578035831451416, "test/loss": 1.1071603986497665, "test/f1": 0.27900539794571194, "test/roc_auc": 0.5966389719774734, "test/accuracy": 0.384565288179746, "test/runtime": 42.219, "test/samples_per_second": 290.959, "test/steps_per_second": 4.548, "classification_report": {"_type": "table-file", "sha256": "1b97794739e193951748b5dc47901cdc096831f025e670c04c211ec016016754", "size": 619, "artifact_path": "wandb-client-artifact://n5swhnz46kesb364kg985bu7gjpdzft6hk0d62khzvt2elvpi1wpl2htbg09ftff9rizuuwswfbhlzzhx71zrtwwvgcpuqluyecwww5jctn8bdv4mfmau4i0g9sxibym:latest/classification_report.table.json", "_latest_artifact_path": "wandb-client-artifact://n5swhnz46kesb364kg985bu7gjpdzft6hk0d62khzvt2elvpi1wpl2htbg09ftff9rizuuwswfbhlzzhx71zrtwwvgcpuqluyecwww5jctn8bdv4mfmau4i0g9sxibym:latest/classification_report.table.json", "path": "media/table/classification_report_23_1b97794739e193951748.table.json", "ncols": 8, "nrows": 4}, "_wandb": {"runtime": 138}}