{"Validation Accuracy": 0.6875, "Validation Macro F1": 0.4074074074074074, "Validation Precision": 0.34375, "_timestamp": 1686867570.165811, "_runtime": 194.96470308303833, "_step": 151, "Test Accuracy": 0.7, "Test Macro F1": 0.4117647058823529, "Test Precision": 0.35, "_wandb": {"runtime": 194}}