{"Validation Accuracy": 0.5, "Validation Macro F1": 0.3333333333333333, "Validation Precision": 0.25, "_timestamp": 1686838668.493464, "_runtime": 56.606565952301025, "_step": 54, "Test Accuracy": 0.125, "Test Macro F1": 0.1111111111111111, "Test Precision": 0.0625, "_wandb": {"runtime": 56}}