{"Validation Accuracy": 0.25, "Validation Macro F1": 0.23809523809523808, "Validation Precision": 0.35714285714285715, "_timestamp": 1686932776.9557612, "_runtime": 356.64505314826965, "_step": 134, "Test Accuracy": 0.2857142857142857, "Test Macro F1": 0.25882352941176473, "Test Precision": 0.625, "_wandb": {"runtime": 356}}