{"Validation Accuracy": 0.6875, "Validation Macro F1": 0.4074074074074074, "Validation Precision": 0.34375, "_timestamp": 1686905223.6630123, "_runtime": 2037.248173236847, "_step": 3982, "Test Accuracy": 0.8, "Test Macro F1": 0.4444444444444445, "Test Precision": 0.4, "_wandb": {"runtime": 2036}}