{"Validation Accuracy": 0.7115384615384616, "Validation Macro F1": 0.5170278637770898, "Validation Precision": 0.6145833333333333, "_timestamp": 1686907536.0098746, "_runtime": 53.091644525527954, "_step": 14, "Test Accuracy": 0.7142857142857143, "Test Macro F1": 0.48571428571428577, "Test Precision": 0.506578947368421, "_wandb": {"runtime": 52}}