{"train/loss": 0.6807, "train/learning_rate": 0.0, "train/epoch": 10.0, "train/global_step": 320, "_timestamp": 1684763383.4421003, "_runtime": 211.67309522628784, "_step": 23, "eval/loss": 0.9972616875182229, "eval/f1": 0.3001122367121374, "eval/roc_auc": 0.52234021333384, "eval/accuracy": 0.316, "eval/runtime": 4.6006, "eval/samples_per_second": 163.022, "eval/steps_per_second": 5.217, "train/train_runtime": 200.0956, "train/train_samples_per_second": 49.976, "train/train_steps_per_second": 1.599, "train/total_flos": 344305482600000.0, "train/train_loss": 0.686866295337677, "test/loss": 1.0315715466731525, "test/f1": 0.26402439024390245, "test/roc_auc": 0.5100306748466257, "test/accuracy": 0.28169014084507044, "test/runtime": 2.6879, "test/samples_per_second": 158.49, "test/steps_per_second": 5.209, "classification_report": {"_type": "table-file", "sha256": "37d2b71a84f02884c9d99f280be8f57cd91224bee0e20b413c1f3fbabd754176", "size": 559, "artifact_path": "wandb-client-artifact://k5awm93cyge334dqk68ukexhme0elqcyn11ok6cg94l7l7g5h3gxq9o8hybtjunv770g9se0opcw8mt2jqngrwlowknrxcnlhs3yimsnw9qoqqmajnbrbr5509pneby1:latest/classification_report.table.json", "_latest_artifact_path": "wandb-client-artifact://k5awm93cyge334dqk68ukexhme0elqcyn11ok6cg94l7l7g5h3gxq9o8hybtjunv770g9se0opcw8mt2jqngrwlowknrxcnlhs3yimsnw9qoqqmajnbrbr5509pneby1:latest/classification_report.table.json", "path": "media/table/classification_report_23_37d2b71a84f02884c9d9.table.json", "ncols": 7, "nrows": 4}, "_wandb": {"runtime": 210}}