{"Validation Accuracy": 0.5, "Validation Macro F1": 0.49206349206349204, "Validation Precision": 0.5666666666666667, "_timestamp": 1686924645.7887938, "_runtime": 102.4007248878479, "_step": 63, "_wandb": {"runtime": 138}}