{"Validation Accuracy": 0.75, "Validation Macro F1": 0.5897435897435896, "Validation Precision": 0.8666666666666667, "_timestamp": 1686870109.986032, "_runtime": 196.6404778957367, "_step": 76, "Test Accuracy": 0.7, "Test Macro F1": 0.4117647058823529, "Test Precision": 0.35, "_wandb": {"runtime": 195}}