{"train/loss": 0.1096, "train/learning_rate": 0.0, "train/epoch": 10.0, "train/global_step": 240, "_timestamp": 1684702185.3488643, "_runtime": 255.69420742988586, "_step": 23, "eval/loss": 0.40792835418488954, "eval/f1": 0.8663655185394314, "eval/roc_auc": 0.9079534768856679, "eval/accuracy": 0.9053333333333333, "eval/runtime": 3.264, "eval/samples_per_second": 229.779, "eval/steps_per_second": 3.676, "train/train_runtime": 245.3428, "train/train_samples_per_second": 61.139, "train/train_steps_per_second": 0.978, "train/total_flos": 894166477200000.0, "train/train_loss": 0.3170588374137878, "test/loss": 0.5808673213210397, "test/f1": 0.5613800578034682, "test/roc_auc": 0.6000076687116565, "test/accuracy": 0.7323943661971831, "test/runtime": 1.7095, "test/samples_per_second": 249.195, "test/steps_per_second": 4.095, "classification_report": {"_type": "table-file", "sha256": "647cbeda7ac895de227f70f469e7bad2d1f6e26ea48ac54ca0f8c02620bc0a98", "size": 551, "artifact_path": "wandb-client-artifact://aofwrfzui4upqttn7ahbtqrwboruxp5mmwvgz9d3pd800ut4w7cb340yb4ec88wlbrxh2r45bfdd8bujb3u1gedwq2do6u96sny8djuqa6jya594pw59gc8wp479f3bc:latest/classification_report.table.json", "_latest_artifact_path": "wandb-client-artifact://aofwrfzui4upqttn7ahbtqrwboruxp5mmwvgz9d3pd800ut4w7cb340yb4ec88wlbrxh2r45bfdd8bujb3u1gedwq2do6u96sny8djuqa6jya594pw59gc8wp479f3bc:latest/classification_report.table.json", "path": "media/table/classification_report_23_647cbeda7ac895de227f.table.json", "ncols": 7, "nrows": 4}, "_wandb": {"runtime": 255}}