{"Validation Accuracy": 0.75, "Validation Macro F1": 0.42857142857142855, "Validation Precision": 0.375, "_timestamp": 1686910746.3005242, "_runtime": 83.19560217857361, "_step": 10, "Test Accuracy": 0.7142857142857143, "Test Macro F1": 0.41666666666666663, "Test Precision": 0.35714285714285715, "_wandb": {"runtime": 82}}