{"Validation Accuracy": 0.8125, "Validation Macro F1": 0.4482758620689655, "Validation Precision": 0.40625, "_timestamp": 1686861053.5579972, "_runtime": 56.4320912361145, "_step": 116, "_wandb": {"runtime": 56}}