{"train/loss": 0.4289, "train/learning_rate": 0.0, "train/epoch": 10.0, "train/global_step": 160, "_timestamp": 1684874636.1585844, "_runtime": 177.97239327430725, "_step": 23, "eval/loss": 1.006595020851556, "eval/f1": 0.2925349741684565, "eval/roc_auc": 0.5103627435149742, "eval/accuracy": 0.30666666666666664, "eval/runtime": 3.2433, "eval/samples_per_second": 231.247, "eval/steps_per_second": 3.7, "train/train_runtime": 168.1254, "train/train_samples_per_second": 59.479, "train/train_steps_per_second": 0.952, "train/total_flos": 534444331200000.0, "train/train_loss": 0.49048053920269014, "test/loss": 1.0433086358750303, "test/f1": 0.2502843561667091, "test/roc_auc": 0.47058282208588953, "test/accuracy": 0.2699530516431925, "test/runtime": 1.6303, "test/samples_per_second": 261.302, "test/steps_per_second": 4.294, "classification_report": {"_type": "table-file", "sha256": "64337fd2a509368b2e4a658a24f43e0a77ddf487b0d2090ff46e8a94d2407d83", "size": 567, "artifact_path": "wandb-client-artifact://vm4hvqc6uhbw62kcmqptfphj2cu2smwjuq25r106368msyg95qlnjew6x50q5v8b8c9uyk42uyytvyrid39l59lrx6o7khirtb3rlkr4mcxmvlfgh7zea7iud77068gy:latest/classification_report.table.json", "_latest_artifact_path": "wandb-client-artifact://vm4hvqc6uhbw62kcmqptfphj2cu2smwjuq25r106368msyg95qlnjew6x50q5v8b8c9uyk42uyytvyrid39l59lrx6o7khirtb3rlkr4mcxmvlfgh7zea7iud77068gy:latest/classification_report.table.json", "path": "media/table/classification_report_23_64337fd2a509368b2e4a.table.json", "ncols": 7, "nrows": 4}, "_wandb": {"runtime": 177}}