{"Validation Accuracy": 0.75, "Validation Macro F1": 0.5897435897435896, "Validation Precision": 0.8666666666666667, "_timestamp": 1686864906.8769462, "_runtime": 104.64475131034851, "_step": 151, "Test Accuracy": 0.7, "Test Macro F1": 0.4117647058823529, "Test Precision": 0.35, "_wandb": {"runtime": 104}}