{"Validation Accuracy": 0.5625, "Validation Macro F1": 0.36, "Validation Precision": 0.28125, "_timestamp": 1686860562.7456357, "_runtime": 32.65445065498352, "_step": 20, "_wandb": {"runtime": 32}}