{"train/loss": 0.6938, "train/learning_rate": 0.0, "train/epoch": 10.0, "train/global_step": 550, "_timestamp": 1684693218.9350147, "_runtime": 479.68743681907654, "_step": 23, "eval/loss": 0.5639283541848896, "eval/f1": 0.42835365853658536, "eval/roc_auc": 0.5080665077269403, "eval/accuracy": 0.7493333333333333, "eval/runtime": 3.2542, "eval/samples_per_second": 230.473, "eval/steps_per_second": 3.688, "train/train_runtime": 469.3721, "train/train_samples_per_second": 74.568, "train/train_steps_per_second": 1.172, "train/total_flos": 1870555159200000.0, "train/train_loss": 0.695780459317294, "test/loss": 0.5480034715557816, "test/f1": 0.43351063829787234, "test/roc_auc": 0.5607438650306749, "test/accuracy": 0.7652582159624414, "test/runtime": 1.6935, "test/samples_per_second": 251.548, "test/steps_per_second": 4.133, "classification_report": {"_type": "table-file", "sha256": "5a9065e9529bfa13f69e14ea63df6ac56c014a8232f9d6307ff7833d045e91d3", "size": 502, "artifact_path": "wandb-client-artifact://yjwbazgbsceker1q0jhgqtjnwjr5fran7qf1zyunym9uri13hw9iuaykcj4d13feswlwca3id3gb0l0y9s1j25izjzceaby81mlhs2ow4u45l08xpk2ysrf6n1mtp3sp:latest/classification_report.table.json", "_latest_artifact_path": "wandb-client-artifact://yjwbazgbsceker1q0jhgqtjnwjr5fran7qf1zyunym9uri13hw9iuaykcj4d13feswlwca3id3gb0l0y9s1j25izjzceaby81mlhs2ow4u45l08xpk2ysrf6n1mtp3sp:latest/classification_report.table.json", "path": "media/table/classification_report_23_5a9065e9529bfa13f69e.table.json", "ncols": 7, "nrows": 4}, "_wandb": {"runtime": 479}}