{"train/loss": 0.6766, "train/learning_rate": 0.0, "train/epoch": 10.0, "train/global_step": 550, "_timestamp": 1684858982.0522056, "_runtime": 441.89874267578125, "_step": 23, "eval/loss": 0.5652616875182229, "eval/f1": 0.4279176201372997, "eval/roc_auc": 0.4920332253683001, "eval/accuracy": 0.748, "eval/runtime": 3.0831, "eval/samples_per_second": 243.26, "eval/steps_per_second": 3.892, "train/train_runtime": 432.7016, "train/train_samples_per_second": 80.887, "train/train_steps_per_second": 1.271, "train/total_flos": 1870555159200000.0, "train/train_loss": 0.6807358134876598, "test/loss": 0.5480034715557816, "test/f1": 0.43351063829787234, "test/roc_auc": 0.5034662576687117, "test/accuracy": 0.7652582159624414, "test/runtime": 1.7036, "test/samples_per_second": 250.057, "test/steps_per_second": 4.109, "classification_report": {"_type": "table-file", "sha256": "5a9065e9529bfa13f69e14ea63df6ac56c014a8232f9d6307ff7833d045e91d3", "size": 502, "artifact_path": "wandb-client-artifact://meyyhlyi9j9v6z9x5sb8u209pqhr4s0c6lmq8wtia9977hhuyl840374278ujjve35ovi2vx6vktnffpc5v5xtvn6lnworbd6zip4cwkyk8lfaqz71ekyhqjhhhqs1me:latest/classification_report.table.json", "_latest_artifact_path": "wandb-client-artifact://meyyhlyi9j9v6z9x5sb8u209pqhr4s0c6lmq8wtia9977hhuyl840374278ujjve35ovi2vx6vktnffpc5v5xtvn6lnworbd6zip4cwkyk8lfaqz71ekyhqjhhhqs1me:latest/classification_report.table.json", "path": "media/table/classification_report_23_5a9065e9529bfa13f69e.table.json", "ncols": 7, "nrows": 4}, "_wandb": {"runtime": 441}}