{"train/loss": 0.6861, "train/learning_rate": 0.0, "train/epoch": 10.0, "train/global_step": 710, "_timestamp": 1684866146.0024066, "_runtime": 549.659574508667, "_step": 23, "eval/loss": 0.5652616875182229, "eval/f1": 0.4616223114348763, "eval/roc_auc": 0.5140861124039475, "eval/accuracy": 0.748, "eval/runtime": 3.1999, "eval/samples_per_second": 234.381, "eval/steps_per_second": 3.75, "train/train_runtime": 540.1911, "train/train_samples_per_second": 83.304, "train/train_steps_per_second": 1.314, "train/total_flos": 2404999490400000.0, "train/train_loss": 0.6901211214737153, "test/loss": 0.5644353964384107, "test/f1": 0.43716892834652477, "test/roc_auc": 0.5041717791411043, "test/accuracy": 0.7488262910798122, "test/runtime": 1.6766, "test/samples_per_second": 254.092, "test/steps_per_second": 4.175, "classification_report": {"_type": "table-file", "sha256": "f83f98b36d52e33f9536c278fdeb545cd42079d84e11b57a5bccc8e057692419", "size": 564, "artifact_path": "wandb-client-artifact://0gjehszl9iminfexka7k53m4l5tl97cdfn619mf1tlqgffurd4lu6ln8q3c4c93nor7v5mbu7lqdcge23tnlaans6fklmdz5n9yqzjrhdi2420f3m3pyg0dxdulzrei6:latest/classification_report.table.json", "_latest_artifact_path": "wandb-client-artifact://0gjehszl9iminfexka7k53m4l5tl97cdfn619mf1tlqgffurd4lu6ln8q3c4c93nor7v5mbu7lqdcge23tnlaans6fklmdz5n9yqzjrhdi2420f3m3pyg0dxdulzrei6:latest/classification_report.table.json", "path": "media/table/classification_report_23_f83f98b36d52e33f9536.table.json", "ncols": 7, "nrows": 4}, "_wandb": {"runtime": 549}}