{"train/loss": 0.6826, "train/learning_rate": 0.0, "train/epoch": 10.0, "train/global_step": 550, "_timestamp": 1684699565.4331043, "_runtime": 478.00600838661194, "_step": 23, "eval/loss": 0.6252616875182229, "eval/f1": 0.4715447154471545, "eval/roc_auc": 0.46232938516921385, "eval/accuracy": 0.688, "eval/runtime": 3.2878, "eval/samples_per_second": 228.113, "eval/steps_per_second": 3.65, "train/train_runtime": 467.6654, "train/train_samples_per_second": 74.84, "train/train_steps_per_second": 1.176, "train/total_flos": 1870555159200000.0, "train/train_loss": 0.6875767863880504, "test/loss": 0.6160785889266736, "test/f1": 0.5012660295679163, "test/roc_auc": 0.49518404907975466, "test/accuracy": 0.6971830985915493, "test/runtime": 1.6912, "test/samples_per_second": 251.899, "test/steps_per_second": 4.139, "classification_report": {"_type": "table-file", "sha256": "908ab494f41431576ddb926b05945fa74bdf8681fc0b3a00ba3a5a3cbfc1f7f9", "size": 563, "artifact_path": "wandb-client-artifact://884fe916b3m8cssar7helg0ipeioege5wh0w1w8ta06nk5panhtnrqej3konttwnacuoqrlw7vupfa45bkn19oetzaeuanzeay0xcfrkrtafjpxl51y8fc8t2o98bntb:latest/classification_report.table.json", "_latest_artifact_path": "wandb-client-artifact://884fe916b3m8cssar7helg0ipeioege5wh0w1w8ta06nk5panhtnrqej3konttwnacuoqrlw7vupfa45bkn19oetzaeuanzeay0xcfrkrtafjpxl51y8fc8t2o98bntb:latest/classification_report.table.json", "path": "media/table/classification_report_23_908ab494f41431576ddb.table.json", "ncols": 7, "nrows": 4}, "_wandb": {"runtime": 477}}