{"train/loss": 0.6697, "train/learning_rate": 0.0, "train/epoch": 10.0, "train/global_step": 160, "_timestamp": 1684842148.6935565, "_runtime": 149.45311164855957, "_step": 23, "eval/loss": 0.5759283541848896, "eval/f1": 0.42931413408317526, "eval/roc_auc": 0.5108661581861874, "eval/accuracy": 0.7373333333333333, "eval/runtime": 3.0559, "eval/samples_per_second": 245.423, "eval/steps_per_second": 3.927, "train/train_runtime": 140.0717, "train/train_samples_per_second": 71.392, "train/train_steps_per_second": 1.142, "train/total_flos": 395694360600000.0, "train/train_loss": 0.6753305494785309, "test/loss": 0.562087978598035, "test/f1": 0.42895442359249325, "test/roc_auc": 0.5144171779141105, "test/accuracy": 0.7511737089201878, "test/runtime": 1.6154, "test/samples_per_second": 263.717, "test/steps_per_second": 4.333, "classification_report": {"_type": "table-file", "sha256": "e75c5231bf6a5e7fd67dd2734d8c8d99d8acb779d1d916d019911eaa1c0c4d6d", "size": 534, "artifact_path": "wandb-client-artifact://f4ujrt7cfvd2xtczrx25n9dvox1q8ynwthqvo2lo2amdm32dyyotik1onk4uhf4f4x8m5t0qallk0qdykrjuc9g4p9zl27j17x897f9nt2nzahmvp3rupzm3rmaabke0:latest/classification_report.table.json", "_latest_artifact_path": "wandb-client-artifact://f4ujrt7cfvd2xtczrx25n9dvox1q8ynwthqvo2lo2amdm32dyyotik1onk4uhf4f4x8m5t0qallk0qdykrjuc9g4p9zl27j17x897f9nt2nzahmvp3rupzm3rmaabke0:latest/classification_report.table.json", "path": "media/table/classification_report_23_e75c5231bf6a5e7fd67d.table.json", "ncols": 7, "nrows": 4}, "_wandb": {"runtime": 148}}