{"Validation Accuracy": 1.0, "Validation Macro F1": 1.0, "Validation Precision": 1.0, "_timestamp": 1686914110.5329611, "_runtime": 208.8722140789032, "_step": 134, "Test Accuracy": 0.7142857142857143, "Test Macro F1": 0.6062500000000001, "Test Precision": 0.60625, "_wandb": {"runtime": 208}}