{"train/loss": 0.0276, "train/learning_rate": 0.0, "train/epoch": 10.0, "train/global_step": 240, "_timestamp": 1684774096.1603076, "_runtime": 215.15848660469055, "_step": 23, "eval/loss": 1.0183629409973103, "eval/f1": 0.43379035596823307, "eval/roc_auc": 0.6834844962389418, "eval/accuracy": 0.5306666666666666, "eval/runtime": 2.7448, "eval/samples_per_second": 273.242, "eval/steps_per_second": 4.372, "train/train_runtime": 166.7308, "train/train_samples_per_second": 89.965, "train/train_steps_per_second": 1.439, "train/total_flos": 408545248230000.0, "train/train_loss": 0.12450159937143326, "test/loss": 1.1443696509537469, "test/f1": 0.3371304362690664, "test/roc_auc": 0.622477918286411, "test/accuracy": 0.39653207424291764, "test/runtime": 41.512, "test/samples_per_second": 295.914, "test/steps_per_second": 4.625, "classification_report": {"_type": "table-file", "sha256": "d9f971a23b7e2c24ee85a7bc76b517c7df3c455e9b90e90c3b63629675d5e0a0", "size": 668, "artifact_path": "wandb-client-artifact://adk9xv9yomp5efpkniqdc7qpzbuzfiu1laskbk6z4u2vk1p0ado4fvqewbnhow1zsmevnc1glmwb7kqx3vswyf8hxkcxhy5sc8mlapdnrvs701222do908fplx7s68iy:latest/classification_report.table.json", "_latest_artifact_path": "wandb-client-artifact://adk9xv9yomp5efpkniqdc7qpzbuzfiu1laskbk6z4u2vk1p0ado4fvqewbnhow1zsmevnc1glmwb7kqx3vswyf8hxkcxhy5sc8mlapdnrvs701222do908fplx7s68iy:latest/classification_report.table.json", "path": "media/table/classification_report_23_d9f971a23b7e2c24ee85.table.json", "ncols": 8, "nrows": 4}, "_wandb": {"runtime": 214}}