{"train/loss": 0.694, "train/learning_rate": 1.6000000000000003e-05, "train/epoch": 2.0, "train/global_step": 142, "_timestamp": 1684697050.366936, "_runtime": 120.95375800132751, "_step": 2, "eval/loss": 0.5652616875182229, "eval/f1": 0.4616223114348763, "eval/roc_auc": 0.5140861124039475, "eval/accuracy": 0.748, "eval/runtime": 3.2996, "eval/samples_per_second": 227.3, "eval/steps_per_second": 3.637, "_wandb": {"runtime": 122}}