{"train/loss": 0.6757, "train/learning_rate": 0.0, "train/epoch": 10.0, "train/global_step": 320, "_timestamp": 1684863864.5511973, "_runtime": 283.81061720848083, "_step": 23, "eval/loss": 0.7039283541848895, "eval/f1": 0.4809516948491984, "eval/roc_auc": 0.49147044575944376, "eval/accuracy": 0.6093333333333333, "eval/runtime": 3.1972, "eval/samples_per_second": 234.583, "eval/steps_per_second": 3.753, "train/train_runtime": 274.3922, "train/train_samples_per_second": 72.888, "train/train_steps_per_second": 1.166, "train/total_flos": 1068888662400000.0, "train/train_loss": 0.6829163014888764, "test/loss": 0.6465950208515562, "test/f1": 0.5454326850822087, "test/roc_auc": 0.5678527607361963, "test/accuracy": 0.6666666666666666, "test/runtime": 1.6885, "test/samples_per_second": 252.29, "test/steps_per_second": 4.146, "classification_report": {"_type": "table-file", "sha256": "d303f6450e21559363210f8dfefa98f63cecbf276da2da75a1badb4a848b4d65", "size": 549, "artifact_path": "wandb-client-artifact://cwml6x5fkr5x0ns7jshl7mdhvpxn62axktfxjp3s8j8rjxom6frm2fim7dy44rh680fk1nwrxipwuvml5s1oixi217g8cq796dy4wxxlle4zg15t6rqrg3tfn9mi396d:latest/classification_report.table.json", "_latest_artifact_path": "wandb-client-artifact://cwml6x5fkr5x0ns7jshl7mdhvpxn62axktfxjp3s8j8rjxom6frm2fim7dy44rh680fk1nwrxipwuvml5s1oixi217g8cq796dy4wxxlle4zg15t6rqrg3tfn9mi396d:latest/classification_report.table.json", "path": "media/table/classification_report_23_d303f6450e2155936321.table.json", "ncols": 7, "nrows": 4}, "_wandb": {"runtime": 283}}