{"train/loss": 0.6285, "train/learning_rate": 8.000000000000001e-06, "train/epoch": 6.0, "train/global_step": 144, "_timestamp": 1684847732.3974278, "_runtime": 94.45712375640869, "_step": 11, "eval/loss": 1.0986122886681098, "eval/f1": 0.0, "eval/roc_auc": 0.520678007428009, "eval/accuracy": 0.0, "eval/runtime": 2.3381, "eval/samples_per_second": 320.767, "eval/steps_per_second": 5.132, "_wandb": {"runtime": 97}}