{"train/loss": 0.6943, "train/learning_rate": 0.0, "train/epoch": 10.0, "train/global_step": 320, "_timestamp": 1684691927.5834835, "_runtime": 301.2386984825134, "_step": 23, "eval/loss": 0.5612616875182229, "eval/f1": 0.43443500259470674, "eval/roc_auc": 0.5340232330619961, "eval/accuracy": 0.752, "eval/runtime": 3.363, "eval/samples_per_second": 223.014, "eval/steps_per_second": 3.568, "train/train_runtime": 291.0984, "train/train_samples_per_second": 68.705, "train/train_steps_per_second": 1.099, "train/total_flos": 1068888662400000.0, "train/train_loss": 0.6953022360801697, "test/loss": 0.5503508893961572, "test/f1": 0.43275632490013316, "test/roc_auc": 0.5388957055214725, "test/accuracy": 0.7629107981220657, "test/runtime": 1.7063, "test/samples_per_second": 249.666, "test/steps_per_second": 4.103, "classification_report": {"_type": "table-file", "sha256": "f489174fe7b6ac5c7bb1d9b485a3bce1b2e3ef8738f6d4d7e1ddbc0017d27f93", "size": 534, "artifact_path": "wandb-client-artifact://19qdg58wmrvjb64259pf72buws72sd5o7tdefbql1rqnjb1ao9mn683xdhdqg52og3r819ws7ervt17ov3myggmxp5r2wig0rtzfxstn83obbglxglkfg77kdz2ww8gb:latest/classification_report.table.json", "_latest_artifact_path": "wandb-client-artifact://19qdg58wmrvjb64259pf72buws72sd5o7tdefbql1rqnjb1ao9mn683xdhdqg52og3r819ws7ervt17ov3myggmxp5r2wig0rtzfxstn83obbglxglkfg77kdz2ww8gb:latest/classification_report.table.json", "path": "media/table/classification_report_23_f489174fe7b6ac5c7bb1.table.json", "ncols": 7, "nrows": 4}, "_wandb": {"runtime": 300}}