{"train/loss": 0.6933, "train/learning_rate": 0.0, "train/epoch": 10.0, "train/global_step": 630, "_timestamp": 1684693784.6106985, "_runtime": 553.5636115074158, "_step": 23, "eval/loss": 0.5639283541848896, "eval/f1": 0.43350743270389713, "eval/roc_auc": 0.5621764610898452, "eval/accuracy": 0.7493333333333333, "eval/runtime": 3.4616, "eval/samples_per_second": 216.661, "eval/steps_per_second": 3.467, "train/train_runtime": 542.9325, "train/train_samples_per_second": 73.674, "train/train_steps_per_second": 1.16, "train/total_flos": 2137777324800000.0, "train/train_loss": 0.6952454339890253, "test/loss": 0.5526983072365328, "test/f1": 0.43200000000000005, "test/roc_auc": 0.5192638036809816, "test/accuracy": 0.7605633802816901, "test/runtime": 1.8194, "test/samples_per_second": 234.147, "test/steps_per_second": 3.847, "classification_report": {"_type": "table-file", "sha256": "994226ff6271ef56058a5aca04094162149cfafccfb1e8d8876f351162395e4a", "size": 534, "artifact_path": "wandb-client-artifact://49qdgx5x1najavsxf4jf35lr8h4svo5rpzfm47hqwlchuxz1golli0ay3pgg079e41g9kc10ugtcnt4a2qp3m80thqm6s6lud0ku9j4ofdzuzb9xlobq5rlvep2c0ie3:latest/classification_report.table.json", "_latest_artifact_path": "wandb-client-artifact://49qdgx5x1najavsxf4jf35lr8h4svo5rpzfm47hqwlchuxz1golli0ay3pgg079e41g9kc10ugtcnt4a2qp3m80thqm6s6lud0ku9j4ofdzuzb9xlobq5rlvep2c0ie3:latest/classification_report.table.json", "path": "media/table/classification_report_23_994226ff6271ef56058a.table.json", "ncols": 7, "nrows": 4}, "_wandb": {"runtime": 553}}