{"Validation Accuracy": 0.6875, "Validation Macro F1": 0.4074074074074074, "Validation Precision": 0.34375, "_timestamp": 1686911380.3281953, "_runtime": 59.81376123428345, "_step": 38, "Test Accuracy": 0.7142857142857143, "Test Macro F1": 0.41666666666666663, "Test Precision": 0.35714285714285715, "_wandb": {"runtime": 59}}