{"Validation Accuracy": 0.765625, "Validation Macro F1": 0.4336283185840708, "Validation Precision": 0.3828125, "_timestamp": 1686914755.7186568, "_runtime": 90.74476075172424, "_step": 72, "_wandb": {"runtime": 90}}