{"Validation Accuracy": 0.38461538461538464, "Validation Macro F1": 0.37631184407796103, "Validation Precision": 0.5400516795865633, "_timestamp": 1686907459.1006672, "_runtime": 34.496984243392944, "_step": 14, "Test Accuracy": 0.3333333333333333, "Test Macro F1": 0.3194444444444444, "Test Precision": 0.631578947368421, "_wandb": {"runtime": 34}}