{"train/loss": 0.123, "train/learning_rate": 0.0, "train/epoch": 10.0, "train/global_step": 80, "_timestamp": 1686501954.9690442, "_runtime": 81.02054214477539, "_step": 23, "eval/loss": 0.4132616875182228, "eval/f1": 0.8901098901098901, "eval/roc_auc": 0.9516666666666667, "eval/accuracy": 0.9, "eval/runtime": 1.4342, "eval/samples_per_second": 34.861, "eval/steps_per_second": 9.064, "train/train_runtime": 67.4825, "train/train_samples_per_second": 4.297, "train/train_steps_per_second": 1.185, "train/total_flos": 38449158519600.0, "train/train_loss": 0.3255678653717041, "test/loss": 0.40808927372511944, "test/f1": 0.8789373814041745, "test/roc_auc": 0.9353298611111112, "test/accuracy": 0.9051724137931034, "test/runtime": 5.9326, "test/samples_per_second": 39.106, "test/steps_per_second": 9.776, "classification_report": {"_type": "table-file", "sha256": "3e6f30ac2e47bc3cc9696ce7d4333ea0d621f1657d3d624544e2351dd24b6002", "size": 555, "artifact_path": "wandb-client-artifact://mpjp7dr5uur8g0h82c7rc5zog5uutunyv0z5vb39j7ohb7w7o3x2pn8wpk1sacw6xvwdn2lhrt823nx4xta7f6rryi4eq34tum15rgz2n1ypdp7578f6ao7r3vf7twhl:latest/classification_report.table.json", "_latest_artifact_path": "wandb-client-artifact://mpjp7dr5uur8g0h82c7rc5zog5uutunyv0z5vb39j7ohb7w7o3x2pn8wpk1sacw6xvwdn2lhrt823nx4xta7f6rryi4eq34tum15rgz2n1ypdp7578f6ao7r3vf7twhl:latest/classification_report.table.json", "path": "media/table/classification_report_23_3e6f30ac2e47bc3cc969.table.json", "ncols": 7, "nrows": 4}, "_wandb": {"runtime": 80}}