{"train/loss": 0.6953, "train/learning_rate": 0.0, "train/epoch": 10.0, "train/global_step": 240, "_timestamp": 1684691613.8661234, "_runtime": 242.6343674659729, "_step": 23, "eval/loss": 0.5719283541848896, "eval/f1": 0.44507162580664844, "eval/roc_auc": 0.5044191259581501, "eval/accuracy": 0.7413333333333333, "eval/runtime": 3.5297, "eval/samples_per_second": 212.48, "eval/steps_per_second": 3.4, "train/train_runtime": 231.6028, "train/train_samples_per_second": 64.766, "train/train_steps_per_second": 1.036, "train/total_flos": 801666496800000.0, "train/train_loss": 0.6961175600687662, "test/loss": 0.5644353964384107, "test/f1": 0.4621910211786916, "test/roc_auc": 0.4750306748466258, "test/accuracy": 0.7488262910798122, "test/runtime": 1.7211, "test/samples_per_second": 247.514, "test/steps_per_second": 4.067, "classification_report": {"_type": "table-file", "sha256": "7cd5d72e4428f2986d2316fe7b5d238220fc2ebe79f0acaa8f32812fc97688d7", "size": 564, "artifact_path": "wandb-client-artifact://ljon9ytw0lugw3n0ehhs132cuk93nje5u8nkfgpuuixzixjvdlg7f6gco5pog569ejg5no6ksx6avqvm840h5ektbrvr3oc4uhnm1tgvdzv5frsvchgg5vqxlz9ajyga:latest/classification_report.table.json", "_latest_artifact_path": "wandb-client-artifact://ljon9ytw0lugw3n0ehhs132cuk93nje5u8nkfgpuuixzixjvdlg7f6gco5pog569ejg5no6ksx6avqvm840h5ektbrvr3oc4uhnm1tgvdzv5frsvchgg5vqxlz9ajyga:latest/classification_report.table.json", "path": "media/table/classification_report_23_7cd5d72e4428f2986d23.table.json", "ncols": 7, "nrows": 4}, "_wandb": {"runtime": 241}}