{"Validation Accuracy": 0.7307692307692307, "Validation Macro F1": 0.6840277777777777, "Validation Precision": 0.6789915966386555, "_timestamp": 1686907389.9948905, "_runtime": 25.282909393310547, "_step": 14, "Test Accuracy": 0.6904761904761905, "Test Macro F1": 0.5873015873015873, "Test Precision": 0.5850439882697946, "_wandb": {"runtime": 24}}