{"train/loss": 0.6941, "train/learning_rate": 0.0, "train/epoch": 10.0, "train/global_step": 80, "_timestamp": 1684694268.4397829, "_runtime": 125.63920283317566, "_step": 23, "eval/loss": 0.5652616875182229, "eval/f1": 0.4330430887252569, "eval/roc_auc": 0.5678090063734197, "eval/accuracy": 0.748, "eval/runtime": 3.4924, "eval/samples_per_second": 214.751, "eval/steps_per_second": 3.436, "train/train_runtime": 113.3988, "train/train_samples_per_second": 44.092, "train/train_steps_per_second": 0.705, "train/total_flos": 197847180300000.0, "train/train_loss": 0.6967474162578583, "test/loss": 0.5480034715557816, "test/f1": 0.43351063829787234, "test/roc_auc": 0.526963190184049, "test/accuracy": 0.7652582159624414, "test/runtime": 1.8012, "test/samples_per_second": 236.515, "test/steps_per_second": 3.886, "classification_report": {"_type": "table-file", "sha256": "5a9065e9529bfa13f69e14ea63df6ac56c014a8232f9d6307ff7833d045e91d3", "size": 502, "artifact_path": "wandb-client-artifact://stnhqlqqxysommv4mufhbo5q617izs7w90dwz2newcm2yazps81rv256ld0182ttxh79xl4gv1f3sppwyot4gryjkyyn9ws5v7eg4s9uvanoewyib7wa318tjwqf6wyg:latest/classification_report.table.json", "_latest_artifact_path": "wandb-client-artifact://stnhqlqqxysommv4mufhbo5q617izs7w90dwz2newcm2yazps81rv256ld0182ttxh79xl4gv1f3sppwyot4gryjkyyn9ws5v7eg4s9uvanoewyib7wa318tjwqf6wyg:latest/classification_report.table.json", "path": "media/table/classification_report_23_5a9065e9529bfa13f69e.table.json", "ncols": 7, "nrows": 4}, "_wandb": {"runtime": 125}}