{"Validation Accuracy": 0.0, "Validation Macro F1": 0.0, "Validation Precision": 0.0, "_timestamp": 1686836962.8684115, "_runtime": 9.428057432174683, "_step": 26, "Test Accuracy": 0.375, "Test Macro F1": 0.2727272727272727, "Test Precision": 0.1875, "_wandb": {"runtime": 8}}