{"train/loss": 0.6816, "train/learning_rate": 0.0, "train/epoch": 10.0, "train/global_step": 550, "_timestamp": 1684865063.529343, "_runtime": 442.06866979599, "_step": 23, "eval/loss": 0.6065950208515561, "eval/f1": 0.472, "eval/roc_auc": 0.5443669797969244, "eval/accuracy": 0.7066666666666667, "eval/runtime": 3.1738, "eval/samples_per_second": 236.313, "eval/steps_per_second": 3.781, "train/train_runtime": 432.3307, "train/train_samples_per_second": 80.957, "train/train_steps_per_second": 1.272, "train/total_flos": 1870555159200000.0, "train/train_loss": 0.6871979661421342, "test/loss": 0.5761724856402886, "test/f1": 0.4851519337016575, "test/roc_auc": 0.5434969325153374, "test/accuracy": 0.7370892018779343, "test/runtime": 1.6466, "test/samples_per_second": 258.708, "test/steps_per_second": 4.251, "classification_report": {"_type": "table-file", "sha256": "60e950f9171f794d1217def3d484c21167b831b0c7613fdcbb6813e4f83b4166", "size": 547, "artifact_path": "wandb-client-artifact://pvpthslpe6v9dn2z4qby7r8mq9feqveqwvnwf4bwfoqv4rrs4bu836435n57mhw5cgjb1j9edq3yiq4u4igvdnhv2216690ts9desdyr2dnkk3tevrov1yl82ncgcy5g:latest/classification_report.table.json", "_latest_artifact_path": "wandb-client-artifact://pvpthslpe6v9dn2z4qby7r8mq9feqveqwvnwf4bwfoqv4rrs4bu836435n57mhw5cgjb1j9edq3yiq4u4igvdnhv2216690ts9desdyr2dnkk3tevrov1yl82ncgcy5g:latest/classification_report.table.json", "path": "media/table/classification_report_23_60e950f9171f794d1217.table.json", "ncols": 7, "nrows": 4}, "_wandb": {"runtime": 441}}