{"train/loss": 0.6745, "train/learning_rate": 0.0, "train/epoch": 10.0, "train/global_step": 470, "_timestamp": 1684843433.9162514, "_runtime": 386.0645434856415, "_step": 23, "eval/loss": 0.5612616875182229, "eval/f1": 0.43443500259470674, "eval/roc_auc": 0.5060504744445816, "eval/accuracy": 0.752, "eval/runtime": 3.1617, "eval/samples_per_second": 237.212, "eval/steps_per_second": 3.795, "train/train_runtime": 376.4343, "train/train_samples_per_second": 79.695, "train/train_steps_per_second": 1.249, "train/total_flos": 1603332993600000.0, "train/train_loss": 0.67936365655128, "test/loss": 0.5480034715557816, "test/f1": 0.43351063829787234, "test/roc_auc": 0.5262883435582821, "test/accuracy": 0.7652582159624414, "test/runtime": 1.6592, "test/samples_per_second": 256.748, "test/steps_per_second": 4.219, "classification_report": {"_type": "table-file", "sha256": "5a9065e9529bfa13f69e14ea63df6ac56c014a8232f9d6307ff7833d045e91d3", "size": 502, "artifact_path": "wandb-client-artifact://y1jvdibeqvh2prk8vk83ipcemt5tlmksmug1atwmpqh7ljhjin2kzsiiwihtofxqovdwye9rs4c46df6w3dx4u4qft00p07yhispr0v5kst0n57nniu9ytw95lsm5fz2:latest/classification_report.table.json", "_latest_artifact_path": "wandb-client-artifact://y1jvdibeqvh2prk8vk83ipcemt5tlmksmug1atwmpqh7ljhjin2kzsiiwihtofxqovdwye9rs4c46df6w3dx4u4qft00p07yhispr0v5kst0n57nniu9ytw95lsm5fz2:latest/classification_report.table.json", "path": "media/table/classification_report_23_5a9065e9529bfa13f69e.table.json", "ncols": 7, "nrows": 4}, "_wandb": {"runtime": 385}}