{"train/loss": 0.6816, "train/learning_rate": 0.0, "train/epoch": 10.0, "train/global_step": 550, "_timestamp": 1684696353.9835105, "_runtime": 488.58151960372925, "_step": 23, "eval/loss": 0.6065950208515561, "eval/f1": 0.472, "eval/roc_auc": 0.5443669797969244, "eval/accuracy": 0.7066666666666667, "eval/runtime": 3.3424, "eval/samples_per_second": 224.387, "eval/steps_per_second": 3.59, "train/train_runtime": 478.3431, "train/train_samples_per_second": 73.169, "train/train_steps_per_second": 1.15, "train/total_flos": 1870555159200000.0, "train/train_loss": 0.6871979661421342, "test/loss": 0.5761724856402886, "test/f1": 0.4851519337016575, "test/roc_auc": 0.5434969325153374, "test/accuracy": 0.7370892018779343, "test/runtime": 1.7289, "test/samples_per_second": 246.4, "test/steps_per_second": 4.049, "classification_report": {"_type": "table-file", "sha256": "60e950f9171f794d1217def3d484c21167b831b0c7613fdcbb6813e4f83b4166", "size": 547, "artifact_path": "wandb-client-artifact://srnver40vppnv59rp2n7c207obctmih3g0j1y3shvymnej4pi82c21l0hsjrts6iiexmuyhxy56c15k64kvujb9watvpae6j2dlgxb605l36t8xpfx9uavzo6hsk7p60:latest/classification_report.table.json", "_latest_artifact_path": "wandb-client-artifact://srnver40vppnv59rp2n7c207obctmih3g0j1y3shvymnej4pi82c21l0hsjrts6iiexmuyhxy56c15k64kvujb9watvpae6j2dlgxb605l36t8xpfx9uavzo6hsk7p60:latest/classification_report.table.json", "path": "media/table/classification_report_23_60e950f9171f794d1217.table.json", "ncols": 7, "nrows": 4}, "_wandb": {"runtime": 488}}