{"train/loss": 0.6941, "train/learning_rate": 0.0, "train/epoch": 10.0, "train/global_step": 160, "_timestamp": 1684691359.645556, "_runtime": 168.6150369644165, "_step": 23, "eval/loss": 0.6065950208515563, "eval/f1": 0.4651262302096705, "eval/roc_auc": 0.540482138277562, "eval/accuracy": 0.7066666666666667, "eval/runtime": 3.2967, "eval/samples_per_second": 227.502, "eval/steps_per_second": 3.64, "train/train_runtime": 158.4541, "train/train_samples_per_second": 63.11, "train/train_steps_per_second": 1.01, "train/total_flos": 395694360600000.0, "train/train_loss": 0.6961752295494079, "test/loss": 0.60199408188442, "test/f1": 0.4773318969386839, "test/roc_auc": 0.5183435582822086, "test/accuracy": 0.7112676056338029, "test/runtime": 1.7534, "test/samples_per_second": 242.955, "test/steps_per_second": 3.992, "classification_report": {"_type": "table-file", "sha256": "20a4cc1c812d92a6b3ed691585315289547b47a6d4556049ebce78b993e39302", "size": 562, "artifact_path": "wandb-client-artifact://hakwo60j6d4fe1fn7ggwvu26iegnarf0413rrjv50nt842uog7yj12y6sv9iu6cs5q9xy4fk8p0gt06hph12rmnubtljblcd401h0y2bhj78lzmkxxepzrqj0u92ijri:latest/classification_report.table.json", "_latest_artifact_path": "wandb-client-artifact://hakwo60j6d4fe1fn7ggwvu26iegnarf0413rrjv50nt842uog7yj12y6sv9iu6cs5q9xy4fk8p0gt06hph12rmnubtljblcd401h0y2bhj78lzmkxxepzrqj0u92ijri:latest/classification_report.table.json", "path": "media/table/classification_report_23_20a4cc1c812d92a6b3ed.table.json", "ncols": 7, "nrows": 4}, "_wandb": {"runtime": 168}}