{"train/loss": 0.0038, "train/learning_rate": 1.4e-05, "train/epoch": 3.0, "train/global_step": 576, "_timestamp": 1686505124.126612, "_runtime": 193.59192895889282, "_step": 5, "eval/loss": 0.31326168751822286, "eval/f1": 1.0, "eval/roc_auc": 1.0, "eval/accuracy": 1.0, "eval/runtime": 1.3048, "eval/samples_per_second": 38.319, "eval/steps_per_second": 9.963, "_wandb": {"runtime": 222}}