{"Validation Accuracy": 0.6875, "Validation Macro F1": 0.4074074074074074, "Validation Precision": 0.34375, "_timestamp": 1686860848.2536414, "_runtime": 57.12954640388489, "_step": 124, "_wandb": {"runtime": 74}}