{"train/loss": 0.6727, "train/learning_rate": 0.0, "train/epoch": 10.0, "train/global_step": 1410, "_timestamp": 1684767125.0835283, "_runtime": 775.7626223564148, "_step": 23, "eval/loss": 0.8572616875182228, "eval/f1": 0.44693864272236317, "eval/roc_auc": 0.5202339453462638, "eval/accuracy": 0.456, "eval/runtime": 4.723, "eval/samples_per_second": 158.798, "eval/steps_per_second": 5.082, "train/train_runtime": 763.8548, "train/train_samples_per_second": 58.912, "train/train_steps_per_second": 1.846, "train/total_flos": 2404999490400000.0, "train/train_loss": 0.6787906240909658, "test/loss": 0.9188954903351243, "test/f1": 0.38842147435897434, "test/roc_auc": 0.4589877300613497, "test/accuracy": 0.39436619718309857, "test/runtime": 2.6006, "test/samples_per_second": 163.81, "test/steps_per_second": 5.383, "classification_report": {"_type": "table-file", "sha256": "08c9e4e9ad1f7cd861b2becad3e1f829cfbde4f12448696d7c32594823479f87", "size": 562, "artifact_path": "wandb-client-artifact://pem1sutz3q6r8wcno8liiunveeckn5j2aimmh4mqde0j0rxkklopwnyiffub4xkrhzvoovb5ifu9cxzc1isvaibteqsvrwr6q9x1ss1zu652c1vpcpf4qqsbvgtitqg8:latest/classification_report.table.json", "_latest_artifact_path": "wandb-client-artifact://pem1sutz3q6r8wcno8liiunveeckn5j2aimmh4mqde0j0rxkklopwnyiffub4xkrhzvoovb5ifu9cxzc1isvaibteqsvrwr6q9x1ss1zu652c1vpcpf4qqsbvgtitqg8:latest/classification_report.table.json", "path": "media/table/classification_report_23_08c9e4e9ad1f7cd861b2.table.json", "ncols": 7, "nrows": 4}, "_wandb": {"runtime": 775}}