{"train/loss": 0.6805, "train/learning_rate": 0.0, "train/epoch": 10.0, "train/global_step": 470, "_timestamp": 1684763678.3940327, "_runtime": 286.8070547580719, "_step": 23, "eval/loss": 0.9479283541848895, "eval/f1": 0.36504435796558077, "eval/roc_auc": 0.5069908150568478, "eval/accuracy": 0.36533333333333334, "eval/runtime": 4.8695, "eval/samples_per_second": 154.019, "eval/steps_per_second": 4.929, "train/train_runtime": 275.316, "train/train_samples_per_second": 54.483, "train/train_steps_per_second": 1.707, "train/total_flos": 593541540900000.0, "train/train_loss": 0.6878189086914063, "test/loss": 0.954106757940758, "test/f1": 0.3591231463571889, "test/roc_auc": 0.5140184049079755, "test/accuracy": 0.3591549295774648, "test/runtime": 2.6187, "test/samples_per_second": 162.676, "test/steps_per_second": 5.346, "classification_report": {"_type": "table-file", "sha256": "b9842a1a9c103f183774af03670583035a3d8d897bb4154c6f6e365350591982", "size": 564, "artifact_path": "wandb-client-artifact://p9fz5yc1omr4omcftf0j4nof45wrmwj91lv18ik5lg8unycyh1lmspvey5kwu9bmffyw0j1z2wdemqa1cn97phs62versmh4ofd8s9xml33vsjzstro2gj72trlbkyvt:latest/classification_report.table.json", "_latest_artifact_path": "wandb-client-artifact://p9fz5yc1omr4omcftf0j4nof45wrmwj91lv18ik5lg8unycyh1lmspvey5kwu9bmffyw0j1z2wdemqa1cn97phs62versmh4ofd8s9xml33vsjzstro2gj72trlbkyvt:latest/classification_report.table.json", "path": "media/table/classification_report_23_b9842a1a9c103f183774.table.json", "ncols": 7, "nrows": 4}, "_wandb": {"runtime": 286}}