{"train/loss": 0.3032, "train/learning_rate": 1.3333333333333333e-05, "train/epoch": 1.0, "train/global_step": 116, "_timestamp": 1686603825.7960205, "_runtime": 50.013678550720215, "_step": 1, "_wandb": {"runtime": 51}}