{"train/loss": 0.6727, "train/learning_rate": 0.0, "train/epoch": 10.0, "train/global_step": 1570, "_timestamp": 1684767982.8291113, "_runtime": 847.1959884166718, "_step": 23, "eval/loss": 0.7492616875182226, "eval/f1": 0.4867303309412142, "eval/roc_auc": 0.48715817668905126, "eval/accuracy": 0.564, "eval/runtime": 4.6306, "eval/samples_per_second": 161.965, "eval/steps_per_second": 5.183, "train/train_runtime": 835.8936, "train/train_samples_per_second": 59.816, "train/train_steps_per_second": 1.878, "train/total_flos": 2671999656047040.0, "train/train_loss": 0.6780489733264704, "test/loss": 0.7522288236684577, "test/f1": 0.4835560223272459, "test/roc_auc": 0.44309815950920245, "test/accuracy": 0.5610328638497653, "test/runtime": 2.5882, "test/samples_per_second": 164.594, "test/steps_per_second": 5.409, "classification_report": {"_type": "table-file", "sha256": "1e009b4f90eecac3253c2bde3c17e622f72040b296cafed3ae733892b84d6e6f", "size": 563, "artifact_path": "wandb-client-artifact://y1tolp4ijy7mjn5wnlc1v4po7od7q792082q8ihhllvo6fq2z6sc4pfmi5u8q8y34yitltqw75r1ii8f61kt5mexlej5uypv5fg689sk4vpnne5i6ubgs9yirap5egj9:latest/classification_report.table.json", "_latest_artifact_path": "wandb-client-artifact://y1tolp4ijy7mjn5wnlc1v4po7od7q792082q8ihhllvo6fq2z6sc4pfmi5u8q8y34yitltqw75r1ii8f61kt5mexlej5uypv5fg689sk4vpnne5i6ubgs9yirap5egj9:latest/classification_report.table.json", "path": "media/table/classification_report_23_1e009b4f90eecac3253c.table.json", "ncols": 7, "nrows": 4}, "_wandb": {"runtime": 846}}