{"Validation Accuracy": 0.75, "Validation Macro F1": 0.42857142857142855, "Validation Precision": 0.375, "_timestamp": 1686915258.1033437, "_runtime": 134.92380666732788, "_step": 134, "Test Accuracy": 0.7619047619047619, "Test Macro F1": 0.4324324324324324, "Test Precision": 0.38095238095238093, "_wandb": {"runtime": 134}}