{"train/loss": 0.6897, "train/learning_rate": 0.0, "train/epoch": 10.0, "train/global_step": 160, "_timestamp": 1684697698.1845038, "_runtime": 160.4920837879181, "_step": 23, "eval/loss": 0.7199283541848893, "eval/f1": 0.49496510567648183, "eval/roc_auc": 0.5041982883901179, "eval/accuracy": 0.5933333333333334, "eval/runtime": 3.3562, "eval/samples_per_second": 223.469, "eval/steps_per_second": 3.575, "train/train_runtime": 150.4009, "train/train_samples_per_second": 66.489, "train/train_steps_per_second": 1.064, "train/total_flos": 395694360600000.0, "train/train_loss": 0.6939031898975372, "test/loss": 0.6771114527764387, "test/f1": 0.5345903083700441, "test/roc_auc": 0.5767791411042944, "test/accuracy": 0.636150234741784, "test/runtime": 1.7384, "test/samples_per_second": 245.054, "test/steps_per_second": 4.027, "classification_report": {"_type": "table-file", "sha256": "b9638d18ade9e91622bb446e7dcf3adf0e8253dc662a7fff82e92bd41ce8940e", "size": 543, "artifact_path": "wandb-client-artifact://phettcjodm2wy6atu3em9b0ekldo3d4b2rsbuv0lqjt6huwnecozgndxz2gunhfz72p6ki3ulopxlwt5qm6ctxd7uew33rb6wbxd8vnpta9xu04vjx9wre7repv2qpzh:latest/classification_report.table.json", "_latest_artifact_path": "wandb-client-artifact://phettcjodm2wy6atu3em9b0ekldo3d4b2rsbuv0lqjt6huwnecozgndxz2gunhfz72p6ki3ulopxlwt5qm6ctxd7uew33rb6wbxd8vnpta9xu04vjx9wre7repv2qpzh:latest/classification_report.table.json", "path": "media/table/classification_report_23_b9638d18ade9e91622bb.table.json", "ncols": 7, "nrows": 4}, "_wandb": {"runtime": 160}}