{"train/loss": 0.6943, "train/learning_rate": 0.0, "train/epoch": 10.0, "train/global_step": 240, "_timestamp": 1684860125.1508822, "_runtime": 223.29146027565002, "_step": 23, "eval/loss": 0.5639283541848896, "eval/f1": 0.4385512232415903, "eval/roc_auc": 0.513877147823444, "eval/accuracy": 0.7493333333333333, "eval/runtime": 3.1379, "eval/samples_per_second": 239.017, "eval/steps_per_second": 3.824, "train/train_runtime": 213.9384, "train/train_samples_per_second": 70.114, "train/train_steps_per_second": 1.122, "train/total_flos": 801666496800000.0, "train/train_loss": 0.6964570760726929, "test/loss": 0.5526983072365328, "test/f1": 0.43200000000000005, "test/roc_auc": 0.5424539877300614, "test/accuracy": 0.7605633802816901, "test/runtime": 1.5898, "test/samples_per_second": 267.966, "test/steps_per_second": 4.403, "classification_report": {"_type": "table-file", "sha256": "994226ff6271ef56058a5aca04094162149cfafccfb1e8d8876f351162395e4a", "size": 534, "artifact_path": "wandb-client-artifact://0gir6jgtd2cycs2fa8kkx3e88ixgbgdltlgf8xqlv232qtnqmm12ca44r9cspwxcq43194cpfrjqng69mamb98ybw1rorus739lj3uyujka80agyc43cw2b44b4p61x1:latest/classification_report.table.json", "_latest_artifact_path": "wandb-client-artifact://0gir6jgtd2cycs2fa8kkx3e88ixgbgdltlgf8xqlv232qtnqmm12ca44r9cspwxcq43194cpfrjqng69mamb98ybw1rorus739lj3uyujka80agyc43cw2b44b4p61x1:latest/classification_report.table.json", "path": "media/table/classification_report_23_994226ff6271ef56058a.table.json", "ncols": 7, "nrows": 4}, "_wandb": {"runtime": 222}}