{"train/loss": 0.0084, "train/learning_rate": 0.0, "train/epoch": 10.0, "train/global_step": 3750, "_timestamp": 1684949759.902582, "_runtime": 1131.5097949504852, "_step": 23, "eval/loss": 0.5548409373650326, "eval/f1": 0.9968941008250359, "eval/roc_auc": 0.9999923384391701, "eval/accuracy": 0.996, "eval/runtime": 17.2339, "eval/samples_per_second": 43.519, "eval/steps_per_second": 10.909, "train/train_runtime": 1077.0144, "train/train_samples_per_second": 13.927, "train/train_steps_per_second": 3.482, "train/total_flos": 986675316480000.0, "train/train_loss": 0.16053200607299806, "test/loss": 0.7064447139320511, "test/f1": 0.8400645706909101, "test/roc_auc": 0.930602632542048, "test/accuracy": 0.845, "test/runtime": 32.119, "test/samples_per_second": 43.588, "test/steps_per_second": 10.897, "classification_report": {"_type": "table-file", "sha256": "88ff4c26366802dff0a72d67bf3ca25812f90d63183f6575d139ac06eeb0345b", "size": 529, "artifact_path": "wandb-client-artifact://8goadld4v31vrx9nduseyr05w7g9l0rrphtfwbyuqcjo75frn4ywx0muyc0rj1uvvhoct7ccc4neqdbp0iak1f2uj77gfcdnmhusvz6wjyuli67rkkli0x6w68aav8se:latest/classification_report.table.json", "_latest_artifact_path": "wandb-client-artifact://8goadld4v31vrx9nduseyr05w7g9l0rrphtfwbyuqcjo75frn4ywx0muyc0rj1uvvhoct7ccc4neqdbp0iak1f2uj77gfcdnmhusvz6wjyuli67rkkli0x6w68aav8se:latest/classification_report.table.json", "path": "media/table/classification_report_23_88ff4c26366802dff0a7.table.json", "ncols": 8, "nrows": 4}, "_wandb": {"runtime": 1131}}