{"Validation Accuracy": 0.75, "Validation Macro F1": 0.42857142857142855, "Validation Precision": 0.375, "_timestamp": 1686900609.9071004, "_runtime": 234.25881242752075, "_step": 454, "Test Accuracy": 0.7, "Test Macro F1": 0.4117647058823529, "Test Precision": 0.35, "_wandb": {"runtime": 233}}