{"train/loss": 0.6874, "train/learning_rate": 0.0, "train/epoch": 10.0, "train/global_step": 160, "_timestamp": 1684694445.507198, "_runtime": 165.70220804214478, "_step": 23, "eval/loss": 0.5732616875182229, "eval/f1": 0.4398676364137741, "eval/roc_auc": 0.5232995507261519, "eval/accuracy": 0.74, "eval/runtime": 3.3749, "eval/samples_per_second": 222.227, "eval/steps_per_second": 3.556, "train/train_runtime": 154.9162, "train/train_samples_per_second": 64.551, "train/train_steps_per_second": 1.033, "train/total_flos": 395694360600000.0, "train/train_loss": 0.6924803733825684, "test/loss": 0.5503508893961572, "test/f1": 0.4687295491869065, "test/roc_auc": 0.5710122699386503, "test/accuracy": 0.7629107981220657, "test/runtime": 1.7481, "test/samples_per_second": 243.687, "test/steps_per_second": 4.004, "classification_report": {"_type": "table-file", "sha256": "6a740fc60a8996747ef9a883fd220a56f71dcbb1983bfa2f482b1bdb9f5af6ca", "size": 562, "artifact_path": "wandb-client-artifact://vfr9ng1xjtx9fwicg7b99ghus8gy6kmywzmei6orsvhipj255jts4bhkkpn6y9pevnae6ktpxmrfe10jyt3gcxll3bs5aqfciq5xru35desz1ndag4j8ys7kooc0q3vm:latest/classification_report.table.json", "_latest_artifact_path": "wandb-client-artifact://vfr9ng1xjtx9fwicg7b99ghus8gy6kmywzmei6orsvhipj255jts4bhkkpn6y9pevnae6ktpxmrfe10jyt3gcxll3bs5aqfciq5xru35desz1ndag4j8ys7kooc0q3vm:latest/classification_report.table.json", "path": "media/table/classification_report_23_6a740fc60a8996747ef9.table.json", "ncols": 7, "nrows": 4}, "_wandb": {"runtime": 165}}