{"train/loss": 0.0368, "train/learning_rate": 0.0, "train/epoch": 3.0, "train/global_step": 348, "_timestamp": 1686604055.9799025, "_runtime": 155.6902894973755, "_step": 9, "eval/loss": 0.31326168751822286, "eval/f1": 1.0, "eval/roc_auc": 1.0, "eval/accuracy": 1.0, "eval/precision": 1.0, "eval/recall": 1.0, "eval/runtime": 1.7033, "eval/samples_per_second": 29.354, "eval/steps_per_second": 7.632, "train/train_runtime": 138.9686, "train/train_samples_per_second": 10.017, "train/train_steps_per_second": 2.504, "train/total_flos": 366250589061120.0, "train/train_loss": 0.12938897637115127, "test/loss": 0.3324187756408283, "test/f1": 0.977227118052526, "test/roc_auc": 0.9976680384087792, "test/accuracy": 0.9808429118773946, "test/precision": 0.9864864864864865, "test/recall": 0.9691358024691358, "test/runtime": 9.0372, "test/samples_per_second": 28.881, "test/steps_per_second": 7.303, "classification_report": {"_type": "table-file", "sha256": "8b5cd12d706e86297c91999f7b6155a27cf3d10a33308218df88bca66b6ef254", "size": 534, "artifact_path": "wandb-client-artifact://ugo8ee22b38lewfplnhdqy0thncdq4eb2bsjhur63sjf2phxo1t2h855bnd7ammpijplol1rpthvs9vvl3y6cp3sbl3126zl4fk9ubwdthbjt0c90sieilfextf74qm2:latest/classification_report.table.json", "_latest_artifact_path": "wandb-client-artifact://ugo8ee22b38lewfplnhdqy0thncdq4eb2bsjhur63sjf2phxo1t2h855bnd7ammpijplol1rpthvs9vvl3y6cp3sbl3126zl4fk9ubwdthbjt0c90sieilfextf74qm2:latest/classification_report.table.json", "path": "media/table/classification_report_9_8b5cd12d706e86297c91.table.json", "ncols": 7, "nrows": 4}, "_wandb": {"runtime": 155}}