{"Validation Accuracy": 0.6875, "Validation Macro F1": 0.4074074074074074, "Validation Precision": 0.34375, "_timestamp": 1686864616.0962386, "_runtime": 93.22847056388855, "_step": 267, "_wandb": {"runtime": 92}}