{"Validation Accuracy": 0.6875, "Validation Macro F1": 0.5428571428571429, "Validation Precision": 0.8333333333333333, "_timestamp": 1686900337.308244, "_runtime": 254.7774748802185, "_step": 496, "_wandb": {"runtime": 254}}