{"train/loss": 0.6874, "train/learning_rate": 0.0, "train/epoch": 10.0, "train/global_step": 160, "_timestamp": 1684861933.1255648, "_runtime": 155.17066884040833, "_step": 23, "eval/loss": 0.5732616875182229, "eval/f1": 0.4398676364137741, "eval/roc_auc": 0.5232995507261519, "eval/accuracy": 0.74, "eval/runtime": 3.1146, "eval/samples_per_second": 240.8, "eval/steps_per_second": 3.853, "train/train_runtime": 145.9426, "train/train_samples_per_second": 68.52, "train/train_steps_per_second": 1.096, "train/total_flos": 395694360600000.0, "train/train_loss": 0.6924803733825684, "test/loss": 0.5503508893961572, "test/f1": 0.4687295491869065, "test/roc_auc": 0.5710122699386503, "test/accuracy": 0.7629107981220657, "test/runtime": 1.657, "test/samples_per_second": 257.089, "test/steps_per_second": 4.224, "classification_report": {"_type": "table-file", "sha256": "6a740fc60a8996747ef9a883fd220a56f71dcbb1983bfa2f482b1bdb9f5af6ca", "size": 562, "artifact_path": "wandb-client-artifact://42yndzu7atgxe883s78fhjr88plrwj9io2exyek4uvykh0z7ai0tggtr752p31c5ahb50hx03w9sx94z5lnh4qy3hf85rylk5okorln8tfbdkriqmv47p6zpb3yk1qct:latest/classification_report.table.json", "_latest_artifact_path": "wandb-client-artifact://42yndzu7atgxe883s78fhjr88plrwj9io2exyek4uvykh0z7ai0tggtr752p31c5ahb50hx03w9sx94z5lnh4qy3hf85rylk5okorln8tfbdkriqmv47p6zpb3yk1qct:latest/classification_report.table.json", "path": "media/table/classification_report_23_6a740fc60a8996747ef9.table.json", "ncols": 7, "nrows": 4}, "_wandb": {"runtime": 154}}