{"train/loss": 0.0168, "train/learning_rate": 0.0, "train/epoch": 10.0, "train/global_step": 1250, "_timestamp": 1684947769.3733282, "_runtime": 553.2466881275177, "_step": 23, "eval/loss": 0.7061113805987178, "eval/f1": 0.8369925750068642, "eval/roc_auc": 0.9383292315128258, "eval/accuracy": 0.8453333333333334, "eval/runtime": 16.73, "eval/samples_per_second": 44.83, "eval/steps_per_second": 11.237, "train/train_runtime": 498.7188, "train/train_samples_per_second": 10.026, "train/train_steps_per_second": 2.506, "train/total_flos": 328891772160000.0, "train/train_loss": 0.20478078880310058, "test/loss": 1.0207978104673885, "test/f1": 0.4979711780524673, "test/roc_auc": 0.6918952051336698, "test/accuracy": 0.53, "test/runtime": 32.0878, "test/samples_per_second": 43.63, "test/steps_per_second": 10.908, "classification_report": {"_type": "table-file", "sha256": "8f28b082aa58633dcc45bc8e137a8051aad8e991e4bde11fe6e1bbe37cbec095", "size": 554, "artifact_path": "wandb-client-artifact://np92d6g84eeqimwxpg1pkkq0t8uknijyeho11wfemlfk0ow4bd4uv8htzgp1mlqoz9euznsmvoz60kzdmczdheh9gdz9uubasmldefbbvpy3y8gjsczai7l77sffsybe:latest/classification_report.table.json", "_latest_artifact_path": "wandb-client-artifact://np92d6g84eeqimwxpg1pkkq0t8uknijyeho11wfemlfk0ow4bd4uv8htzgp1mlqoz9euznsmvoz60kzdmczdheh9gdz9uubasmldefbbvpy3y8gjsczai7l77sffsybe:latest/classification_report.table.json", "path": "media/table/classification_report_23_8f28b082aa58633dcc45.table.json", "ncols": 8, "nrows": 4}, "_wandb": {"runtime": 552}}