{"Validation Accuracy": 0.625, "Validation Macro F1": 0.6000000000000001, "Validation Precision": 0.625, "_timestamp": 1686914919.0730293, "_runtime": 136.93112516403198, "_step": 134, "Test Accuracy": 0.4523809523809524, "Test Macro F1": 0.4120511259890444, "Test Precision": 0.4523809523809524, "_wandb": {"runtime": 136}}