{"Validation Accuracy": 0.625, "Validation Macro F1": 0.3846153846153846, "Validation Precision": 0.3333333333333333, "_timestamp": 1686859486.0855677, "_runtime": 122.44003677368164, "_step": 401, "Test Accuracy": 0.8, "Test Macro F1": 0.4444444444444445, "Test Precision": 0.4, "_wandb": {"runtime": 121}}