{"train/loss": 0.6337, "train/learning_rate": 1.2e-05, "train/epoch": 4.0, "train/global_step": 32, "_timestamp": 1684849298.3571117, "_runtime": 38.289506673812866, "_step": 6, "eval/loss": 1.0986122886681098, "eval/f1": 0.0, "eval/roc_auc": 0.5191985614526929, "eval/accuracy": 0.0, "eval/runtime": 2.2554, "eval/samples_per_second": 332.542, "eval/steps_per_second": 5.321, "_wandb": {"runtime": 37}}