{"Validation Accuracy": 0.78125, "Validation Macro F1": 0.43859649122807015, "Validation Precision": 0.390625, "_timestamp": 1686918771.7081368, "_runtime": 56.37641382217407, "_step": 9, "Test Accuracy": 0.7142857142857143, "Test Macro F1": 0.48571428571428565, "Test Precision": 0.6125, "_wandb": {"runtime": 56}}