{"Validation Accuracy": 0.71875, "Validation Macro F1": 0.41818181818181815, "Validation Precision": 0.38333333333333336, "_timestamp": 1686900766.4238465, "_runtime": 72.84545159339905, "_step": 141, "_wandb": {"runtime": 72}}