{"train/loss": 0.6777, "train/learning_rate": 0.0, "train/epoch": 10.0, "train/global_step": 400, "_timestamp": 1684864215.3295162, "_runtime": 341.30664706230164, "_step": 23, "eval/loss": 0.5879283541848896, "eval/f1": 0.4513494318181818, "eval/roc_auc": 0.5102392644446767, "eval/accuracy": 0.7253333333333334, "eval/runtime": 3.1751, "eval/samples_per_second": 236.21, "eval/steps_per_second": 3.779, "train/train_runtime": 332.0693, "train/train_samples_per_second": 75.285, "train/train_steps_per_second": 1.205, "train/total_flos": 1335944328035280.0, "train/train_loss": 0.6845900583267212, "test/loss": 0.562087978598035, "test/f1": 0.4632720011410641, "test/roc_auc": 0.5666564417177913, "test/accuracy": 0.7511737089201878, "test/runtime": 1.6752, "test/samples_per_second": 254.292, "test/steps_per_second": 4.179, "classification_report": {"_type": "table-file", "sha256": "44c3e3478bdeab858ee2c1d7ed31bc33c099c7cd1286d315ba4dd14f0679e695", "size": 562, "artifact_path": "wandb-client-artifact://qurpvvp6m68s85st65outcqjo2mmru8248ucbtqivjlvdlniq441vakrhimpfeahik3fubryuitrt38mmqugfv1i7qr02dpn9vqjrnhlgyss8uzxatuh9u0t8muypzfl:latest/classification_report.table.json", "_latest_artifact_path": "wandb-client-artifact://qurpvvp6m68s85st65outcqjo2mmru8248ucbtqivjlvdlniq441vakrhimpfeahik3fubryuitrt38mmqugfv1i7qr02dpn9vqjrnhlgyss8uzxatuh9u0t8muypzfl:latest/classification_report.table.json", "path": "media/table/classification_report_23_44c3e3478bdeab858ee2.table.json", "ncols": 7, "nrows": 4}, "_wandb": {"runtime": 340}}