{"train/loss": 0.6766, "train/learning_rate": 0.0, "train/epoch": 10.0, "train/global_step": 550, "_timestamp": 1684843880.7434378, "_runtime": 438.1749427318573, "_step": 23, "eval/loss": 0.5652616875182229, "eval/f1": 0.4279176201372997, "eval/roc_auc": 0.4920332253683001, "eval/accuracy": 0.748, "eval/runtime": 3.2432, "eval/samples_per_second": 231.256, "eval/steps_per_second": 3.7, "train/train_runtime": 428.8747, "train/train_samples_per_second": 81.609, "train/train_steps_per_second": 1.282, "train/total_flos": 1870555159200000.0, "train/train_loss": 0.6807358134876598, "test/loss": 0.5480034715557816, "test/f1": 0.43351063829787234, "test/roc_auc": 0.5034662576687117, "test/accuracy": 0.7652582159624414, "test/runtime": 1.6386, "test/samples_per_second": 259.98, "test/steps_per_second": 4.272, "classification_report": {"_type": "table-file", "sha256": "5a9065e9529bfa13f69e14ea63df6ac56c014a8232f9d6307ff7833d045e91d3", "size": 502, "artifact_path": "wandb-client-artifact://uncpmvp3tkb9cqdztc3d462ne0158ykiuqtzxtx8x816w541qgh6zzcdx7tt7dvy4hnygvjz9xqfgionetd3kb0j16egzo1arlvvdr3m25fzu8p55s5g65k7igqufy69:latest/classification_report.table.json", "_latest_artifact_path": "wandb-client-artifact://uncpmvp3tkb9cqdztc3d462ne0158ykiuqtzxtx8x816w541qgh6zzcdx7tt7dvy4hnygvjz9xqfgionetd3kb0j16egzo1arlvvdr3m25fzu8p55s5g65k7igqufy69:latest/classification_report.table.json", "path": "media/table/classification_report_23_5a9065e9529bfa13f69e.table.json", "ncols": 7, "nrows": 4}, "_wandb": {"runtime": 437}}