{"train/loss": 0.5685, "train/learning_rate": 0.0, "train/epoch": 1.0, "train/global_step": 58, "_timestamp": 1686605397.7129464, "_runtime": 40.27461647987366, "_step": 5, "eval/loss": 0.6532616875182228, "eval/f1": 0.39759036144578314, "eval/roc_auc": 1.0, "eval/accuracy": 0.66, "eval/precision": 0.33, "eval/recall": 0.5, "eval/runtime": 1.6992, "eval/samples_per_second": 29.426, "eval/steps_per_second": 7.651, "train/train_runtime": 25.8987, "train/train_samples_per_second": 8.958, "train/train_steps_per_second": 2.239, "train/total_flos": 61041764843520.0, "train/train_loss": 0.5685280766980402, "test/loss": 0.6236065151044298, "test/f1": 0.40816326530612246, "test/roc_auc": 0.9914930555555557, "test/accuracy": 0.6896551724137931, "test/precision": 0.3448275862068966, "test/recall": 0.5, "test/runtime": 7.4443, "test/samples_per_second": 31.165, "test/steps_per_second": 7.791, "classification_report": {"_type": "table-file", "sha256": "91f84eb754d3ebb15ac2030db8238def3b7b45caad2ba4b4b1dcb78fa55a631c", "size": 493, "artifact_path": "wandb-client-artifact://p13apv5jirpt2dpmt9zh3i310dv0myn37ki8k9f9funu4kv45tnxnmuhjcy39dfu5udncapfsle8xx44nb2qu14z97xewatbdfooktkbeahgn1qzcf729bengyq4i00g:latest/classification_report.table.json", "_latest_artifact_path": "wandb-client-artifact://p13apv5jirpt2dpmt9zh3i310dv0myn37ki8k9f9funu4kv45tnxnmuhjcy39dfu5udncapfsle8xx44nb2qu14z97xewatbdfooktkbeahgn1qzcf729bengyq4i00g:latest/classification_report.table.json", "path": "media/table/classification_report_5_91f84eb754d3ebb15ac2.table.json", "ncols": 7, "nrows": 4}, "_wandb": {"runtime": 39}}