{"train/loss": 0.0113, "train/learning_rate": 0.0, "train/epoch": 10.0, "train/global_step": 4000, "_timestamp": 1684950970.9360013, "_runtime": 1201.9115374088287, "_step": 23, "eval/loss": 0.5567780472653845, "eval/f1": 0.9945708495274953, "eval/roc_auc": 0.9997776127166889, "eval/accuracy": 0.9946666666666667, "eval/runtime": 17.5029, "eval/samples_per_second": 42.85, "eval/steps_per_second": 10.741, "train/train_runtime": 1147.5709, "train/train_samples_per_second": 13.942, "train/train_steps_per_second": 3.486, "train/total_flos": 1052453670912000.0, "train/train_loss": 0.1594415969848633, "test/loss": 0.6771589996463369, "test/f1": 0.8700314244547437, "test/roc_auc": 0.9471319264592991, "test/accuracy": 0.8742857142857143, "test/runtime": 31.9174, "test/samples_per_second": 43.863, "test/steps_per_second": 10.966, "classification_report": {"_type": "table-file", "sha256": "0b283145d65272df9e0178de18cbc21c4141892d2f7858a972b62be944b6ceae", "size": 618, "artifact_path": "wandb-client-artifact://jepkztd8top31vxzx9gj9qglow3rxt2ezap2evp90d383z4g0imr9v9u7bicypaehqar7ijgv7393qxlt0v72dckoqjgycl3u0cg8n1vux1lx42zj6w6cfvv8g9b36t3:latest/classification_report.table.json", "_latest_artifact_path": "wandb-client-artifact://jepkztd8top31vxzx9gj9qglow3rxt2ezap2evp90d383z4g0imr9v9u7bicypaehqar7ijgv7393qxlt0v72dckoqjgycl3u0cg8n1vux1lx42zj6w6cfvv8g9b36t3:latest/classification_report.table.json", "path": "media/table/classification_report_23_0b283145d65272df9e01.table.json", "ncols": 8, "nrows": 4}, "_wandb": {"runtime": 1201}}