{"train/loss": 0.6783, "train/learning_rate": 0.0, "train/epoch": 10.0, "train/global_step": 470, "_timestamp": 1684864612.7809355, "_runtime": 388.12223052978516, "_step": 23, "eval/loss": 0.6959283541848895, "eval/f1": 0.5052304212609556, "eval/roc_auc": 0.5065538891157948, "eval/accuracy": 0.6173333333333333, "eval/runtime": 3.36, "eval/samples_per_second": 223.212, "eval/steps_per_second": 3.571, "train/train_runtime": 378.6521, "train/train_samples_per_second": 79.228, "train/train_steps_per_second": 1.241, "train/total_flos": 1603332993600000.0, "train/train_loss": 0.6853233134492914, "test/loss": 0.7240598095839506, "test/f1": 0.47453744493392075, "test/roc_auc": 0.5036196319018406, "test/accuracy": 0.5892018779342723, "test/runtime": 1.6912, "test/samples_per_second": 251.896, "test/steps_per_second": 4.139, "classification_report": {"_type": "table-file", "sha256": "0aaa186402f107083f08ee0b753bf5dff567dc9d54bae40da755bdc4f85e1e0f", "size": 564, "artifact_path": "wandb-client-artifact://iii4he8ehmae7a1jcpqa3jmfrqrcsvmegzq6efzho4hsl1fqx0hqhhzlyxndzcz9yqe1nhvmxm9rbijcops3vg64f6tkzyu7k3647kbqfqciyytqlx1cn485w0534kp1:latest/classification_report.table.json", "_latest_artifact_path": "wandb-client-artifact://iii4he8ehmae7a1jcpqa3jmfrqrcsvmegzq6efzho4hsl1fqx0hqhhzlyxndzcz9yqe1nhvmxm9rbijcops3vg64f6tkzyu7k3647kbqfqciyytqlx1cn485w0534kp1:latest/classification_report.table.json", "path": "media/table/classification_report_23_0aaa186402f107083f08.table.json", "ncols": 7, "nrows": 4}, "_wandb": {"runtime": 387}}