{"train/loss": 0.397, "train/learning_rate": 0.0, "train/epoch": 10.0, "train/global_step": 80, "_timestamp": 1684701718.5012984, "_runtime": 131.3024435043335, "_step": 23, "eval/loss": 0.5625950208515563, "eval/f1": 0.4287890327494288, "eval/roc_auc": 0.6625649452417814, "eval/accuracy": 0.7506666666666667, "eval/runtime": 3.484, "eval/samples_per_second": 215.268, "eval/steps_per_second": 3.444, "train/train_runtime": 120.4815, "train/train_samples_per_second": 41.5, "train/train_steps_per_second": 0.664, "train/total_flos": 267222165600000.0, "train/train_loss": 0.5059919983148575, "test/loss": 0.5480034715557816, "test/f1": 0.43351063829787234, "test/roc_auc": 0.5297852760736196, "test/accuracy": 0.7652582159624414, "test/runtime": 1.7463, "test/samples_per_second": 243.942, "test/steps_per_second": 4.008, "classification_report": {"_type": "table-file", "sha256": "5a9065e9529bfa13f69e14ea63df6ac56c014a8232f9d6307ff7833d045e91d3", "size": 502, "artifact_path": "wandb-client-artifact://3dtf2fxxj9h03abgwg863a6vhwpx9lxal96z2uw14mo81k4bwk0u7i654u0bprmyrf9keepp0ndmp0628lhx6klay4ocmoq6l7v088bjkn5l9w3zd7hfy8jwgzuyz7pe:latest/classification_report.table.json", "_latest_artifact_path": "wandb-client-artifact://3dtf2fxxj9h03abgwg863a6vhwpx9lxal96z2uw14mo81k4bwk0u7i654u0bprmyrf9keepp0ndmp0628lhx6klay4ocmoq6l7v088bjkn5l9w3zd7hfy8jwgzuyz7pe:latest/classification_report.table.json", "path": "media/table/classification_report_23_5a9065e9529bfa13f69e.table.json", "ncols": 7, "nrows": 4}, "_wandb": {"runtime": 130}}