{"Validation Accuracy": 0.734375, "Validation Macro F1": 0.42342342342342343, "Validation Precision": 0.3671875, "_timestamp": 1686918105.9682288, "_runtime": 33.78258991241455, "_step": 61, "_wandb": {"runtime": 33}}