{"Validation Accuracy": 0.65625, "Validation Macro F1": 0.39622641509433965, "Validation Precision": 0.328125, "_timestamp": 1686905763.3805358, "_runtime": 458.59688687324524, "_step": 929, "_wandb": {"runtime": 458}}