{"train/loss": 0.6611, "train/learning_rate": 0.0, "train/epoch": 10.0, "train/global_step": 80, "_timestamp": 1684857070.9711788, "_runtime": 111.57347178459167, "_step": 23, "eval/loss": 0.5639283541848896, "eval/f1": 0.42835365853658536, "eval/roc_auc": 0.570838992790722, "eval/accuracy": 0.7493333333333333, "eval/runtime": 3.1355, "eval/samples_per_second": 239.193, "eval/steps_per_second": 3.827, "train/train_runtime": 101.6512, "train/train_samples_per_second": 49.188, "train/train_steps_per_second": 0.787, "train/total_flos": 197847180300000.0, "train/train_loss": 0.6726232588291168, "test/loss": 0.5480034715557816, "test/f1": 0.43351063829787234, "test/roc_auc": 0.5368711656441718, "test/accuracy": 0.7652582159624414, "test/runtime": 1.6943, "test/samples_per_second": 251.427, "test/steps_per_second": 4.131, "classification_report": {"_type": "table-file", "sha256": "5a9065e9529bfa13f69e14ea63df6ac56c014a8232f9d6307ff7833d045e91d3", "size": 502, "artifact_path": "wandb-client-artifact://ianej87t2t4yhrenppvg496mkb5qadtreya4syd1c04tz006bxdnrf0qis3mat3z7muagk2avcz4urmqpda6kblskm74bfb1qzmrojdzgkfuiyuic8rpsexgnohctbfz:latest/classification_report.table.json", "_latest_artifact_path": "wandb-client-artifact://ianej87t2t4yhrenppvg496mkb5qadtreya4syd1c04tz006bxdnrf0qis3mat3z7muagk2avcz4urmqpda6kblskm74bfb1qzmrojdzgkfuiyuic8rpsexgnohctbfz:latest/classification_report.table.json", "path": "media/table/classification_report_23_5a9065e9529bfa13f69e.table.json", "ncols": 7, "nrows": 4}, "_wandb": {"runtime": 110}}