{"Validation Accuracy": 0.5, "Validation Macro F1": 0.5, "Validation Precision": 0.6666666666666666, "_timestamp": 1686910318.9755402, "_runtime": 24.993566274642944, "_step": 10, "Test Accuracy": 0.5238095238095238, "Test Macro F1": 0.4951923076923076, "Test Precision": 0.5136363636363637, "_wandb": {"runtime": 24}}