{"train/loss": 0.6684, "train/learning_rate": 0.0, "train/epoch": 10.0, "train/global_step": 320, "_timestamp": 1684857765.4413433, "_runtime": 283.55507230758667, "_step": 23, "eval/loss": 0.6705950208515562, "eval/f1": 0.49454816126176876, "eval/roc_auc": 0.514485044784909, "eval/accuracy": 0.6426666666666667, "eval/runtime": 3.1065, "eval/samples_per_second": 241.425, "eval/steps_per_second": 3.863, "train/train_runtime": 274.297, "train/train_samples_per_second": 72.914, "train/train_steps_per_second": 1.167, "train/total_flos": 1068888662400000.0, "train/train_loss": 0.672868549823761, "test/loss": 0.6536372743726829, "test/f1": 0.5107365486213971, "test/roc_auc": 0.495122699386503, "test/accuracy": 0.6596244131455399, "test/runtime": 1.6039, "test/samples_per_second": 265.594, "test/steps_per_second": 4.364, "classification_report": {"_type": "table-file", "sha256": "f8e13fc6f82418e438d930fb56dec72d119b7abee947a19f80ff155ae0a5c500", "size": 563, "artifact_path": "wandb-client-artifact://o61fuzp9a1kpqptvg9j2wkmyvup1ortul2ay7q5uycnbsp4sx042ckhcm00h24z00z8o66akymk13o8cpsyktk53a0iob9a6cu80k8ji7pracdm1q22ceoxrbusi38qt:latest/classification_report.table.json", "_latest_artifact_path": "wandb-client-artifact://o61fuzp9a1kpqptvg9j2wkmyvup1ortul2ay7q5uycnbsp4sx042ckhcm00h24z00z8o66akymk13o8cpsyktk53a0iob9a6cu80k8ji7pracdm1q22ceoxrbusi38qt:latest/classification_report.table.json", "path": "media/table/classification_report_23_f8e13fc6f82418e438d9.table.json", "ncols": 7, "nrows": 4}, "_wandb": {"runtime": 283}}