{"train/loss": 0.6376, "train/learning_rate": 0.0, "train/epoch": 10.0, "train/global_step": 80, "_timestamp": 1684851804.1679547, "_runtime": 91.31166672706604, "_step": 21, "eval/loss": 1.0986122886681098, "eval/f1": 0.0, "eval/roc_auc": 0.49880846001087614, "eval/accuracy": 0.0, "eval/runtime": 2.155, "eval/samples_per_second": 348.021, "eval/steps_per_second": 5.568, "train/train_runtime": 84.4064, "train/train_samples_per_second": 59.237, "train/train_steps_per_second": 0.948, "train/total_flos": 115626013650000.0, "train/train_loss": 0.6403468489646912, "_wandb": {"runtime": 127}}