{"train/loss": 0.0005, "train/learning_rate": 0.0, "train/epoch": 10.0, "train/global_step": 1740, "_timestamp": 1686404601.6602657, "_runtime": 474.3111517429352, "_step": 23, "eval/loss": 0.31326168751822286, "eval/f1": 1.0, "eval/roc_auc": 1.0, "eval/accuracy": 1.0, "eval/runtime": 1.243, "eval/samples_per_second": 40.226, "eval/steps_per_second": 10.459, "train/train_runtime": 465.4339, "train/train_samples_per_second": 14.911, "train/train_steps_per_second": 3.738, "train/total_flos": 920128138365600.0, "train/train_loss": 0.03435258235482649, "test/loss": 0.32939071977628737, "test/f1": 0.9823863636363637, "test/roc_auc": 0.9997159090909091, "test/accuracy": 0.9838709677419355, "test/runtime": 2.8803, "test/samples_per_second": 43.051, "test/steps_per_second": 10.763, "classification_report": {"_type": "table-file", "sha256": "052182be721a9fbd20c1532bd9fb4b7904ac5fc8e90eb42ec619e0b985268f00", "size": 529, "artifact_path": "wandb-client-artifact://zrwk0c2381zi7jgyh34ustmtn0fhex38l0r9oaj2sn6yvxdfoe3qj9veyfjwte9gnf367at2seip481hjibg1s1e0fhshivmmigtpco1498eevsm08xpfwod8nx37j13:latest/classification_report.table.json", "_latest_artifact_path": "wandb-client-artifact://zrwk0c2381zi7jgyh34ustmtn0fhex38l0r9oaj2sn6yvxdfoe3qj9veyfjwte9gnf367at2seip481hjibg1s1e0fhshivmmigtpco1498eevsm08xpfwod8nx37j13:latest/classification_report.table.json", "path": "media/table/classification_report_23_052182be721a9fbd20c1.table.json", "ncols": 7, "nrows": 4}, "_wandb": {"runtime": 473}}