{"train/loss": 0.2054, "train/learning_rate": 0.0, "train/epoch": 10.0, "train/global_step": 160, "_timestamp": 1684701919.6907115, "_runtime": 191.2628574371338, "_step": 23, "eval/loss": 0.4265950208515562, "eval/f1": 0.8431637862107141, "eval/roc_auc": 0.9035058557574491, "eval/accuracy": 0.8866666666666667, "eval/runtime": 3.4085, "eval/samples_per_second": 220.036, "eval/steps_per_second": 3.521, "train/train_runtime": 181.1803, "train/train_samples_per_second": 55.194, "train/train_steps_per_second": 0.883, "train/total_flos": 596110984800000.0, "train/train_loss": 0.4123754292726517, "test/loss": 0.5972992462036689, "test/f1": 0.5534320392975647, "test/roc_auc": 0.5720858895705522, "test/accuracy": 0.715962441314554, "test/runtime": 1.748, "test/samples_per_second": 243.708, "test/steps_per_second": 4.005, "classification_report": {"_type": "table-file", "sha256": "c2ae37388538e2a7ce1ea0100d273eee9a6853f048224fd0c2139a1f3bae87e1", "size": 555, "artifact_path": "wandb-client-artifact://mz6llpi6rbrelh9imma26u8s3gblu0i0r01t9cta3k5jgdt2zsxe6umzmyy6ron1yg4vdxdh5ebnyadcerchipobhzvyv9xqmrln0gmyq6lloxxtjc6dnsrdqwnvsoan:latest/classification_report.table.json", "_latest_artifact_path": "wandb-client-artifact://mz6llpi6rbrelh9imma26u8s3gblu0i0r01t9cta3k5jgdt2zsxe6umzmyy6ron1yg4vdxdh5ebnyadcerchipobhzvyv9xqmrln0gmyq6lloxxtjc6dnsrdqwnvsoan:latest/classification_report.table.json", "path": "media/table/classification_report_23_c2ae37388538e2a7ce1e.table.json", "ncols": 7, "nrows": 4}, "_wandb": {"runtime": 190}}