{"train/loss": 0.0109, "train/learning_rate": 0.0, "train/epoch": 10.0, "train/global_step": 470, "_timestamp": 1684774999.2950244, "_runtime": 329.3158004283905, "_step": 23, "eval/loss": 0.9468409373650325, "eval/f1": 0.5656010452969907, "eval/roc_auc": 0.7611735767659541, "eval/accuracy": 0.604, "eval/runtime": 2.7694, "eval/samples_per_second": 270.821, "eval/steps_per_second": 4.333, "train/train_runtime": 280.4362, "train/train_samples_per_second": 106.976, "train/train_steps_per_second": 1.676, "train/total_flos": 817090496460000.0, "train/train_loss": 0.07779363355738052, "test/loss": 1.037557952880446, "test/f1": 0.47274619601243567, "test/roc_auc": 0.6864912032680586, "test/accuracy": 0.5127808531422989, "test/runtime": 41.7897, "test/samples_per_second": 293.948, "test/steps_per_second": 4.594, "classification_report": {"_type": "table-file", "sha256": "7467ef0dcbdb3c90bf73285d76f96b00fb8fc302e524869ee9dd18999eea1307", "size": 664, "artifact_path": "wandb-client-artifact://lmw6iwpl3ffsfoihuiag7nhri9nh7gkg5co8zwt1q25zzu3t018p4skq12rds9e5285vkber0qqvqn5wnui7seh6kmzdrv41bmovo5itomykbxe6nwgojz1zr944gmb7:latest/classification_report.table.json", "_latest_artifact_path": "wandb-client-artifact://lmw6iwpl3ffsfoihuiag7nhri9nh7gkg5co8zwt1q25zzu3t018p4skq12rds9e5285vkber0qqvqn5wnui7seh6kmzdrv41bmovo5itomykbxe6nwgojz1zr944gmb7:latest/classification_report.table.json", "path": "media/table/classification_report_23_7467ef0dcbdb3c90bf73.table.json", "ncols": 8, "nrows": 4}, "_wandb": {"runtime": 328}}