{"train/loss": 0.6941, "train/learning_rate": 0.0, "train/epoch": 10.0, "train/global_step": 80, "_timestamp": 1684861768.4940767, "_runtime": 107.61374568939209, "_step": 23, "eval/loss": 0.5652616875182229, "eval/f1": 0.4330430887252569, "eval/roc_auc": 0.5678090063734197, "eval/accuracy": 0.748, "eval/runtime": 3.0624, "eval/samples_per_second": 244.907, "eval/steps_per_second": 3.919, "train/train_runtime": 97.5548, "train/train_samples_per_second": 51.253, "train/train_steps_per_second": 0.82, "train/total_flos": 197847180300000.0, "train/train_loss": 0.6967474162578583, "test/loss": 0.5480034715557816, "test/f1": 0.43351063829787234, "test/roc_auc": 0.526963190184049, "test/accuracy": 0.7652582159624414, "test/runtime": 1.6569, "test/samples_per_second": 257.105, "test/steps_per_second": 4.225, "classification_report": {"_type": "table-file", "sha256": "5a9065e9529bfa13f69e14ea63df6ac56c014a8232f9d6307ff7833d045e91d3", "size": 502, "artifact_path": "wandb-client-artifact://ybl1g9km4oswqxtsxhhkxssa2rvr52qlnhlv4brr38e1zbeg75ojrmilkc8iskxa62qf4r5ceheot1j9tlbzdye926zrc4t5etrmreltca5o3zvm689sltnz3u42c848:latest/classification_report.table.json", "_latest_artifact_path": "wandb-client-artifact://ybl1g9km4oswqxtsxhhkxssa2rvr52qlnhlv4brr38e1zbeg75ojrmilkc8iskxa62qf4r5ceheot1j9tlbzdye926zrc4t5etrmreltca5o3zvm689sltnz3u42c848:latest/classification_report.table.json", "path": "media/table/classification_report_23_5a9065e9529bfa13f69e.table.json", "ncols": 7, "nrows": 4}, "_wandb": {"runtime": 107}}