{"train/loss": 0.6815, "train/learning_rate": 8.000000000000001e-06, "train/epoch": 6.0, "train/global_step": 378, "_timestamp": 1684859289.2664723, "_runtime": 297.8734014034271, "_step": 11, "eval/loss": 0.8265950208515561, "eval/f1": 0.4452183101974158, "eval/roc_auc": 0.46991859879750375, "eval/accuracy": 0.4866666666666667, "eval/runtime": 3.1449, "eval/samples_per_second": 238.48, "eval/steps_per_second": 3.816, "_wandb": {"runtime": 339}}