{"Validation Accuracy": 0.25, "Validation Macro F1": 0.2, "Validation Precision": 0.125, "_timestamp": 1686910157.0279434, "_runtime": 34.73842740058899, "_step": 10, "Test Accuracy": 0.2857142857142857, "Test Macro F1": 0.22222222222222224, "Test Precision": 0.14285714285714285, "_wandb": {"runtime": 34}}