{"Validation Accuracy": 0.5, "Validation Macro F1": 0.49206349206349204, "Validation Precision": 0.5666666666666667, "_timestamp": 1686924805.3736455, "_runtime": 105.52609443664551, "_step": 63, "_wandb": {"runtime": 111}}