{"Validation Accuracy": 0.5, "Validation Macro F1": 0.3333333333333333, "Validation Precision": 0.25, "_timestamp": 1686838302.8998432, "_runtime": 19.967761278152466, "_step": 26, "Test Accuracy": 0.25, "Test Macro F1": 0.2, "Test Precision": 0.125, "_wandb": {"runtime": 19}}