{"Validation Accuracy": 0.9375, "Validation Macro F1": 0.9227053140096619, "Validation Precision": 0.9, "_timestamp": 1686933459.281075, "_runtime": 356.9023849964142, "_step": 134, "Test Accuracy": 0.6428571428571429, "Test Macro F1": 0.4898785425101214, "Test Precision": 0.4898989898989899, "_wandb": {"runtime": 356}}