{"Validation Accuracy": 0.9375, "Validation Macro F1": 0.9227053140096619, "Validation Precision": 0.9, "_timestamp": 1686925039.4771035, "_runtime": 211.0012924671173, "_step": 134, "Test Accuracy": 0.6666666666666666, "Test Macro F1": 0.5050505050505051, "Test Precision": 0.5073529411764706, "_wandb": {"runtime": 209}}