{"Validation Accuracy": 0.6875, "Validation Macro F1": 0.4074074074074074, "Validation Precision": 0.34375, "_timestamp": 1686906650.9900215, "_runtime": 115.48185658454895, "_step": 76, "Test Accuracy": 0.7, "Test Macro F1": 0.4117647058823529, "Test Precision": 0.35, "_wandb": {"runtime": 115}}