{"train/loss": 0.6611, "train/learning_rate": 0.0, "train/epoch": 10.0, "train/global_step": 80, "_timestamp": 1684841990.190526, "_runtime": 110.10715198516846, "_step": 23, "eval/loss": 0.5639283541848896, "eval/f1": 0.42835365853658536, "eval/roc_auc": 0.570838992790722, "eval/accuracy": 0.7493333333333333, "eval/runtime": 3.1772, "eval/samples_per_second": 236.059, "eval/steps_per_second": 3.777, "train/train_runtime": 100.0218, "train/train_samples_per_second": 49.989, "train/train_steps_per_second": 0.8, "train/total_flos": 197847180300000.0, "train/train_loss": 0.6726232588291168, "test/loss": 0.5480034715557816, "test/f1": 0.43351063829787234, "test/roc_auc": 0.5368711656441718, "test/accuracy": 0.7652582159624414, "test/runtime": 1.694, "test/samples_per_second": 251.472, "test/steps_per_second": 4.132, "classification_report": {"_type": "table-file", "sha256": "5a9065e9529bfa13f69e14ea63df6ac56c014a8232f9d6307ff7833d045e91d3", "size": 502, "artifact_path": "wandb-client-artifact://7du0ug6f3s9fhzdeqrq22cwrva4t1o0blpmz64njb8vire346b3mo3wgx5xp1s54tfrxcxa3234qz94mezj1nxtom4et4agfyi8jts3735pdhkv3c1fpii3r1bwj3muf:latest/classification_report.table.json", "_latest_artifact_path": "wandb-client-artifact://7du0ug6f3s9fhzdeqrq22cwrva4t1o0blpmz64njb8vire346b3mo3wgx5xp1s54tfrxcxa3234qz94mezj1nxtom4et4agfyi8jts3735pdhkv3c1fpii3r1bwj3muf:latest/classification_report.table.json", "path": "media/table/classification_report_23_5a9065e9529bfa13f69e.table.json", "ncols": 7, "nrows": 4}, "_wandb": {"runtime": 109}}