{"Validation Accuracy": 1.0, "Validation Macro F1": 1.0, "Validation Precision": 1.0, "_timestamp": 1686861566.1331575, "_runtime": 346.18049144744873, "_step": 401, "Test Accuracy": 0.7, "Test Macro F1": 0.6, "Test Precision": 0.5952380952380952, "_wandb": {"runtime": 345}}