{"train/loss": 0.6948, "train/learning_rate": 0.0, "train/epoch": 10.0, "train/global_step": 80, "_timestamp": 1684691180.7575831, "_runtime": 121.97331023216248, "_step": 23, "eval/loss": 0.5745950208515561, "eval/f1": 0.46164889253486463, "eval/roc_auc": 0.5740494486184592, "eval/accuracy": 0.7386666666666667, "eval/runtime": 3.4114, "eval/samples_per_second": 219.854, "eval/steps_per_second": 3.518, "train/train_runtime": 110.5997, "train/train_samples_per_second": 45.208, "train/train_steps_per_second": 0.723, "train/total_flos": 197847180300000.0, "train/train_loss": 0.6943345606327057, "test/loss": 0.5573931429172839, "test/f1": 0.45719186473903456, "test/roc_auc": 0.5373006134969325, "test/accuracy": 0.755868544600939, "test/runtime": 1.7812, "test/samples_per_second": 239.159, "test/steps_per_second": 3.93, "classification_report": {"_type": "table-file", "sha256": "15a7728bcde8dbf48c273c4b9f799f850fde3141d8cbb49024ec71a8a221761f", "size": 543, "artifact_path": "wandb-client-artifact://9z3ap7ka82fd7u9zxfh8vlj1a7po8ol0ix9ljj584fm92w36ojces16o8a2m8hyomdyfp41zqk3t1zq2jzur4edo6xkmy7q8wz722ju6v82qhdd6n04a71nurm6vibim:latest/classification_report.table.json", "_latest_artifact_path": "wandb-client-artifact://9z3ap7ka82fd7u9zxfh8vlj1a7po8ol0ix9ljj584fm92w36ojces16o8a2m8hyomdyfp41zqk3t1zq2jzur4edo6xkmy7q8wz722ju6v82qhdd6n04a71nurm6vibim:latest/classification_report.table.json", "path": "media/table/classification_report_23_15a7728bcde8dbf48c27.table.json", "ncols": 7, "nrows": 4}, "_wandb": {"runtime": 121}}