{"train/loss": 0.6383, "train/learning_rate": 1.6000000000000003e-05, "train/epoch": 2.0, "train/global_step": 16, "_timestamp": 1684848550.219195, "_runtime": 24.475541830062866, "_step": 3, "eval/loss": 1.0986122886681098, "eval/f1": 0.0, "eval/roc_auc": 0.5075451612210814, "eval/accuracy": 0.0, "eval/runtime": 2.1996, "eval/samples_per_second": 340.976, "eval/steps_per_second": 5.456, "_wandb": {"runtime": 26}}