{"train/loss": 0.4584, "train/learning_rate": 0.0, "train/epoch": 10.0, "train/global_step": 410, "_timestamp": 1684875931.0002923, "_runtime": 371.78338718414307, "_step": 23, "eval/loss": 0.9812616875182228, "eval/f1": 0.32450531137473726, "eval/roc_auc": 0.4964832210940246, "eval/accuracy": 0.332, "eval/runtime": 3.2008, "eval/samples_per_second": 234.317, "eval/steps_per_second": 3.749, "train/train_runtime": 362.1577, "train/train_samples_per_second": 71.709, "train/train_steps_per_second": 1.132, "train/total_flos": 1387951928126400.0, "train/train_loss": 0.5045498592097585, "test/loss": 1.0409612180346548, "test/f1": 0.2554966738076446, "test/roc_auc": 0.4986503067484662, "test/accuracy": 0.27230046948356806, "test/runtime": 1.7237, "test/samples_per_second": 247.146, "test/steps_per_second": 4.061, "classification_report": {"_type": "table-file", "sha256": "e8d258b61b9d766217f24badc98eaf87e4f1037ff4377b99c248e4164a82fc62", "size": 572, "artifact_path": "wandb-client-artifact://pl6ai4yql292y4745qrhqqi951jm3g4001me0ho4uamumr7ectcmojkpj1ncm9zuf0b6ktgo0s8c9rr4i4ajf3ewzpebv4kizbkas9vtfvkka6yxm28hcumnhgultzwb:latest/classification_report.table.json", "_latest_artifact_path": "wandb-client-artifact://pl6ai4yql292y4745qrhqqi951jm3g4001me0ho4uamumr7ectcmojkpj1ncm9zuf0b6ktgo0s8c9rr4i4ajf3ewzpebv4kizbkas9vtfvkka6yxm28hcumnhgultzwb:latest/classification_report.table.json", "path": "media/table/classification_report_23_e8d258b61b9d766217f2.table.json", "ncols": 7, "nrows": 4}, "_wandb": {"runtime": 371}}