{"train/loss": 0.6946, "train/learning_rate": 0.0, "train/epoch": 10.0, "train/global_step": 160, "_timestamp": 1684859893.8305845, "_runtime": 149.97278761863708, "_step": 23, "eval/loss": 0.6439283541848895, "eval/f1": 0.4957983193277311, "eval/roc_auc": 0.5340042362819502, "eval/accuracy": 0.6693333333333333, "eval/runtime": 3.0958, "eval/samples_per_second": 242.263, "eval/steps_per_second": 3.876, "train/train_runtime": 140.5264, "train/train_samples_per_second": 71.161, "train/train_steps_per_second": 1.139, "train/total_flos": 395694360600000.0, "train/train_loss": 0.6965546548366547, "test/loss": 0.6254682602881759, "test/f1": 0.5176687920862881, "test/roc_auc": 0.5399079754601226, "test/accuracy": 0.687793427230047, "test/runtime": 1.7373, "test/samples_per_second": 245.21, "test/steps_per_second": 4.029, "classification_report": {"_type": "table-file", "sha256": "92cedede5864d39e878ecbcc7e7f56c7b5272017b29d61d8b4baee008ca1bd2a", "size": 550, "artifact_path": "wandb-client-artifact://qe7ak0y79ldwr5a5fthykcpr03tbyzzinnzgruq6ea9gmkvb0pydb9pm4m7w8gkaxea124ig7d5ldpyoq1ducjc5q7w78q5mv7gxkkdgqp2qnibut8qvvmthw9kwifhs:latest/classification_report.table.json", "_latest_artifact_path": "wandb-client-artifact://qe7ak0y79ldwr5a5fthykcpr03tbyzzinnzgruq6ea9gmkvb0pydb9pm4m7w8gkaxea124ig7d5ldpyoq1ducjc5q7w78q5mv7gxkkdgqp2qnibut8qvvmthw9kwifhs:latest/classification_report.table.json", "path": "media/table/classification_report_23_92cedede5864d39e878e.table.json", "ncols": 7, "nrows": 4}, "_wandb": {"runtime": 149}}