{"train/loss": 0.0035, "train/learning_rate": 0.0, "train/epoch": 10.0, "train/global_step": 420, "_timestamp": 1685538177.2133996, "_runtime": 199.5162055492401, "_step": 23, "eval/loss": 0.31326168751822286, "eval/f1": 1.0, "eval/roc_auc": 1.0, "eval/accuracy": 1.0, "eval/runtime": 0.936, "eval/samples_per_second": 53.421, "eval/steps_per_second": 7.479, "train/train_runtime": 190.2533, "train/train_samples_per_second": 17.661, "train/train_steps_per_second": 2.208, "train/total_flos": 505913226134400.0, "train/train_loss": 0.07137174993043854, "test/loss": 0.34004740180393717, "test/f1": 0.9703153988868274, "test/roc_auc": 1.0, "test/accuracy": 0.9732142857142857, "test/runtime": 1.8831, "test/samples_per_second": 59.478, "test/steps_per_second": 7.435, "classification_report": {"_type": "table-file", "sha256": "f6d02953f512d1d4b032d6fac0c20dd2a719c31f520d98613ababce1a1326890", "size": 481, "artifact_path": "wandb-client-artifact://g0833pucq76p0k9503ymsvzh6p9dvk2nbfu3lkbxh71ytrmwim25w461rhevnp6fae1neb1wd2o0xo010p7d695ajsfnfywzgnumy70pswmr41ljlmurkzzemb0vf17j:latest/classification_report.table.json", "_latest_artifact_path": "wandb-client-artifact://g0833pucq76p0k9503ymsvzh6p9dvk2nbfu3lkbxh71ytrmwim25w461rhevnp6fae1neb1wd2o0xo010p7d695ajsfnfywzgnumy70pswmr41ljlmurkzzemb0vf17j:latest/classification_report.table.json", "path": "media/table/classification_report_23_f6d02953f512d1d4b032.table.json", "ncols": 7, "nrows": 4}, "_wandb": {"runtime": 198}}