{"train/loss": 0.6919, "train/learning_rate": 0.0, "train/epoch": 10.0, "train/global_step": 470, "_timestamp": 1684861161.0617673, "_runtime": 384.8216862678528, "_step": 23, "eval/loss": 0.5905950208515561, "eval/f1": 0.4975780686385654, "eval/roc_auc": 0.52119090814107, "eval/accuracy": 0.7226666666666667, "eval/runtime": 3.1464, "eval/samples_per_second": 238.368, "eval/steps_per_second": 3.814, "train/train_runtime": 375.4279, "train/train_samples_per_second": 79.909, "train/train_steps_per_second": 1.252, "train/total_flos": 1603332993600000.0, "train/train_loss": 0.6947228695483918, "test/loss": 0.5691302321191618, "test/f1": 0.5314760814069642, "test/roc_auc": 0.5656134969325153, "test/accuracy": 0.744131455399061, "test/runtime": 1.684, "test/samples_per_second": 252.97, "test/steps_per_second": 4.157, "classification_report": {"_type": "table-file", "sha256": "fbc652ab7a21ae75deb9466059fbe40fa1921051beed5045a8d3296da6c0011b", "size": 557, "artifact_path": "wandb-client-artifact://4ootybrqnbtw0dvcpcov4snxdagcqr9a7fo8unfcu27vo8y4007mfpbjhkogau2z1vho56e96o01nhdrh07o4409vjkse5af7et15nvolr0v3guyvap9scfuojago2kt:latest/classification_report.table.json", "_latest_artifact_path": "wandb-client-artifact://4ootybrqnbtw0dvcpcov4snxdagcqr9a7fo8unfcu27vo8y4007mfpbjhkogau2z1vho56e96o01nhdrh07o4409vjkse5af7et15nvolr0v3guyvap9scfuojago2kt:latest/classification_report.table.json", "path": "media/table/classification_report_23_fbc652ab7a21ae75deb9.table.json", "ncols": 7, "nrows": 4}, "_wandb": {"runtime": 384}}