{"train/loss": 0.1174, "train/learning_rate": 0.0, "train/epoch": 10.0, "train/global_step": 100, "_timestamp": 1686503147.7595217, "_runtime": 89.91862964630127, "_step": 23, "eval/loss": 0.3932616875182229, "eval/f1": 0.9047619047619047, "eval/roc_auc": 0.9732620320855614, "eval/accuracy": 0.92, "eval/runtime": 1.5674, "eval/samples_per_second": 31.9, "eval/steps_per_second": 8.294, "train/train_runtime": 80.0465, "train/train_samples_per_second": 4.747, "train/train_steps_per_second": 1.249, "train/total_flos": 50381655991200.0, "train/train_loss": 0.32925634264945985, "test/loss": 0.3720852169299876, "test/f1": 0.9328063241106719, "test/roc_auc": 0.9933712121212122, "test/accuracy": 0.9411764705882353, "test/runtime": 2.0289, "test/samples_per_second": 33.515, "test/steps_per_second": 8.379, "classification_report": {"_type": "table-file", "sha256": "fe1b76cf908f3a4cc9243ba76ff191892d0575319e9aa6bd98c80883c8dc2c5c", "size": 530, "artifact_path": "wandb-client-artifact://qnn8vcg6drbxw8nmijjk38fb3gqf0wmadzjeejuzy1f4yhsbv5zei5gh4vfdcu73ysc65hgz409l1n9v7xr6ue6o1dgxua3qisjp2esdi0tb5xcgoz9qjm72480qjp8g:latest/classification_report.table.json", "_latest_artifact_path": "wandb-client-artifact://qnn8vcg6drbxw8nmijjk38fb3gqf0wmadzjeejuzy1f4yhsbv5zei5gh4vfdcu73ysc65hgz409l1n9v7xr6ue6o1dgxua3qisjp2esdi0tb5xcgoz9qjm72480qjp8g:latest/classification_report.table.json", "path": "media/table/classification_report_23_fe1b76cf908f3a4cc924.table.json", "ncols": 7, "nrows": 4}, "_wandb": {"runtime": 89}}