{"train/loss": 0.6757, "train/learning_rate": 0.0, "train/epoch": 10.0, "train/global_step": 320, "_timestamp": 1684862462.0468934, "_runtime": 284.10687732696533, "_step": 23, "eval/loss": 0.7039283541848895, "eval/f1": 0.4809516948491984, "eval/roc_auc": 0.49147044575944376, "eval/accuracy": 0.6093333333333333, "eval/runtime": 3.1869, "eval/samples_per_second": 235.336, "eval/steps_per_second": 3.765, "train/train_runtime": 274.4807, "train/train_samples_per_second": 72.865, "train/train_steps_per_second": 1.166, "train/total_flos": 1068888662400000.0, "train/train_loss": 0.6829163014888764, "test/loss": 0.6465950208515562, "test/f1": 0.5454326850822087, "test/roc_auc": 0.5678527607361963, "test/accuracy": 0.6666666666666666, "test/runtime": 1.6893, "test/samples_per_second": 252.169, "test/steps_per_second": 4.144, "classification_report": {"_type": "table-file", "sha256": "d303f6450e21559363210f8dfefa98f63cecbf276da2da75a1badb4a848b4d65", "size": 549, "artifact_path": "wandb-client-artifact://55v9ulgrn2k9odifuyxj7cezxlcao9b8kwzn3ilhhe9ecaitm7dwtwwx227rv6b9sjxyq8hstpe72ua51sbnwp990i5mr9o2iv74y3k3j2nvlkt164o93xoqomessgtr:latest/classification_report.table.json", "_latest_artifact_path": "wandb-client-artifact://55v9ulgrn2k9odifuyxj7cezxlcao9b8kwzn3ilhhe9ecaitm7dwtwwx227rv6b9sjxyq8hstpe72ua51sbnwp990i5mr9o2iv74y3k3j2nvlkt164o93xoqomessgtr:latest/classification_report.table.json", "path": "media/table/classification_report_23_d303f6450e2155936321.table.json", "ncols": 7, "nrows": 4}, "_wandb": {"runtime": 283}}