{"train/loss": 0.0011, "train/learning_rate": 0.0, "train/epoch": 10.0, "train/global_step": 930, "_timestamp": 1686500528.115248, "_runtime": 340.1276249885559, "_step": 23, "eval/loss": 0.3332616875182229, "eval/f1": 0.9757163671685284, "eval/roc_auc": 1.0, "eval/accuracy": 0.98, "eval/runtime": 1.5294, "eval/samples_per_second": 32.693, "eval/steps_per_second": 8.5, "train/train_runtime": 330.2234, "train/train_samples_per_second": 11.205, "train/train_steps_per_second": 2.816, "train/total_flos": 490558229388000.0, "train/train_loss": 0.05532130900249686, "test/loss": 0.3265950208515562, "test/f1": 0.9863163656267104, "test/roc_auc": 1.0, "test/accuracy": 0.9866666666666667, "test/runtime": 2.3311, "test/samples_per_second": 32.173, "test/steps_per_second": 8.151, "classification_report": {"_type": "table-file", "sha256": "0fe5b4426da7eec5b85a8ebf71531d82d778addb30a873bbb10445eacd39f9e0", "size": 510, "artifact_path": "wandb-client-artifact://s9wugv03zah70d2z2lwu6h7f841p8x4gnz1hug6aoy4i4q4ez1hdf9bib24cqbmbpi4hh7et3oa1hg6y0gbsi1flon8uv78534prfdzel5a12dequcxo7jc736vj2240:latest/classification_report.table.json", "_latest_artifact_path": "wandb-client-artifact://s9wugv03zah70d2z2lwu6h7f841p8x4gnz1hug6aoy4i4q4ez1hdf9bib24cqbmbpi4hh7et3oa1hg6y0gbsi1flon8uv78534prfdzel5a12dequcxo7jc736vj2240:latest/classification_report.table.json", "path": "media/table/classification_report_23_0fe5b4426da7eec5b85a.table.json", "ncols": 7, "nrows": 4}, "_wandb": {"runtime": 339}}