{"Validation Accuracy": 0.765625, "Validation Macro F1": 0.4336283185840708, "Validation Precision": 0.3828125, "_timestamp": 1686918158.7589235, "_runtime": 36.35812544822693, "_step": 57, "Test Accuracy": 0.7142857142857143, "Test Macro F1": 0.41666666666666663, "Test Precision": 0.35714285714285715, "_wandb": {"runtime": 36}}