{"train/loss": 0.682, "train/learning_rate": 0.0, "train/epoch": 10.0, "train/global_step": 630, "_timestamp": 1684865587.0507197, "_runtime": 498.04624462127686, "_step": 23, "eval/loss": 0.5879283541848896, "eval/f1": 0.4471797220512673, "eval/roc_auc": 0.5165556938098992, "eval/accuracy": 0.7253333333333334, "eval/runtime": 3.1175, "eval/samples_per_second": 240.577, "eval/steps_per_second": 3.849, "train/train_runtime": 488.9663, "train/train_samples_per_second": 81.805, "train/train_steps_per_second": 1.288, "train/total_flos": 2137777324800000.0, "train/train_loss": 0.6878997015574622, "test/loss": 0.5714776499595374, "test/f1": 0.45113380809595205, "test/roc_auc": 0.489079754601227, "test/accuracy": 0.7417840375586855, "test/runtime": 1.6468, "test/samples_per_second": 258.684, "test/steps_per_second": 4.251, "classification_report": {"_type": "table-file", "sha256": "706217286ed2ec87e11b1376e16b3157d8018b53d078c6c8b9b6b082445a4bd8", "size": 554, "artifact_path": "wandb-client-artifact://l44z8frhpktep8wryvhvd6ljae6wytmcw3mm9esrp19t47hx4zkbmociwjfqclmcz17qkdeojwz2lxu6ue13c0xu0y1akxd8qkt1htsnn6eawtx00h2fnpam69k5pgom:latest/classification_report.table.json", "_latest_artifact_path": "wandb-client-artifact://l44z8frhpktep8wryvhvd6ljae6wytmcw3mm9esrp19t47hx4zkbmociwjfqclmcz17qkdeojwz2lxu6ue13c0xu0y1akxd8qkt1htsnn6eawtx00h2fnpam69k5pgom:latest/classification_report.table.json", "path": "media/table/classification_report_23_706217286ed2ec87e11b.table.json", "ncols": 7, "nrows": 4}, "_wandb": {"runtime": 497}}