{"train/loss": 0.0498, "train/learning_rate": 0.0, "train/epoch": 10.0, "train/global_step": 160, "_timestamp": 1684773870.6827836, "_runtime": 170.5568447113037, "_step": 23, "eval/loss": 1.026388065426772, "eval/f1": 0.4679361811631497, "eval/roc_auc": 0.6542214311604033, "eval/accuracy": 0.516, "eval/runtime": 2.8041, "eval/samples_per_second": 267.468, "eval/steps_per_second": 4.279, "train/train_runtime": 122.0027, "train/train_samples_per_second": 81.965, "train/train_steps_per_second": 1.311, "train/total_flos": 231252027300000.0, "train/train_loss": 0.1694261312484741, "test/loss": 1.1214313187468288, "test/f1": 0.375252384189169, "test/roc_auc": 0.6130756316127428, "test/accuracy": 0.4048355584500163, "test/runtime": 41.4896, "test/samples_per_second": 296.074, "test/steps_per_second": 4.628, "classification_report": {"_type": "table-file", "sha256": "7bad886e2e443e6b32846b8a11ab41b881216dcb1b967ee3278a2f07b1d74a3b", "size": 661, "artifact_path": "wandb-client-artifact://b3lupytyyycuojhduxjdcjki9hr83mgsaob911c9ifk58c2s66pct6syd4n6d1nevulb9gfrxsq9b5ckz67sbrlvdeev0o5wwi1uecw7hom1m9hr1ggktjzugircq0zw:latest/classification_report.table.json", "_latest_artifact_path": "wandb-client-artifact://b3lupytyyycuojhduxjdcjki9hr83mgsaob911c9ifk58c2s66pct6syd4n6d1nevulb9gfrxsq9b5ckz67sbrlvdeev0o5wwi1uecw7hom1m9hr1ggktjzugircq0zw:latest/classification_report.table.json", "path": "media/table/classification_report_23_7bad886e2e443e6b3284.table.json", "ncols": 8, "nrows": 4}, "_wandb": {"runtime": 170}}