{"train/loss": 0.682, "train/learning_rate": 0.0, "train/epoch": 10.0, "train/global_step": 630, "_timestamp": 1684696918.9864588, "_runtime": 554.616272687912, "_step": 23, "eval/loss": 0.5879283541848896, "eval/f1": 0.4471797220512673, "eval/roc_auc": 0.5165556938098992, "eval/accuracy": 0.7253333333333334, "eval/runtime": 3.4062, "eval/samples_per_second": 220.186, "eval/steps_per_second": 3.523, "train/train_runtime": 543.0509, "train/train_samples_per_second": 73.658, "train/train_steps_per_second": 1.16, "train/total_flos": 2137777324800000.0, "train/train_loss": 0.6878997015574622, "test/loss": 0.5714776499595374, "test/f1": 0.45113380809595205, "test/roc_auc": 0.489079754601227, "test/accuracy": 0.7417840375586855, "test/runtime": 1.7918, "test/samples_per_second": 237.753, "test/steps_per_second": 3.907, "classification_report": {"_type": "table-file", "sha256": "706217286ed2ec87e11b1376e16b3157d8018b53d078c6c8b9b6b082445a4bd8", "size": 554, "artifact_path": "wandb-client-artifact://7ble1wn4gilwc9ly1t4nitmqsw8bcrh69tq9ebl48xrkpxl4th2fk6a4ch3kc0uzqp6kh6673gmu3bqiu56rpvtavxydok09t2rbg4bizntjfe72cmns3gwgsh2dxxwv:latest/classification_report.table.json", "_latest_artifact_path": "wandb-client-artifact://7ble1wn4gilwc9ly1t4nitmqsw8bcrh69tq9ebl48xrkpxl4th2fk6a4ch3kc0uzqp6kh6673gmu3bqiu56rpvtavxydok09t2rbg4bizntjfe72cmns3gwgsh2dxxwv:latest/classification_report.table.json", "path": "media/table/classification_report_23_706217286ed2ec87e11b.table.json", "ncols": 7, "nrows": 4}, "_wandb": {"runtime": 554}}