{"train/loss": 0.4396, "train/learning_rate": 0.0, "train/epoch": 10.0, "train/global_step": 80, "_timestamp": 1684874444.774002, "_runtime": 122.67630195617676, "_step": 23, "eval/loss": 1.0012616875182228, "eval/f1": 0.296875, "eval/roc_auc": 0.5373666663500536, "eval/accuracy": 0.312, "eval/runtime": 3.1507, "eval/samples_per_second": 238.04, "eval/steps_per_second": 3.809, "train/train_runtime": 112.7686, "train/train_samples_per_second": 44.339, "train/train_steps_per_second": 0.709, "train/total_flos": 267222165600000.0, "train/train_loss": 0.5137294799089431, "test/loss": 1.0386138001942793, "test/f1": 0.25842924504385745, "test/roc_auc": 0.49773006134969333, "test/accuracy": 0.2746478873239437, "test/runtime": 1.8062, "test/samples_per_second": 235.854, "test/steps_per_second": 3.876, "classification_report": {"_type": "table-file", "sha256": "273ebbb240728a613138b89d6dab16ac7863bc89240654ef5f1abaeb0a27e401", "size": 566, "artifact_path": "wandb-client-artifact://biixm70ua6en2y09gf04788dpv5gza6dd4zuwdeyqhzbcav78qt6yqjsem2jlzv3buxopx60x772vdyyorve0n2awk5dzvqqqidjoy8ziv8whvgyr4xlt6gb0h48ama8:latest/classification_report.table.json", "_latest_artifact_path": "wandb-client-artifact://biixm70ua6en2y09gf04788dpv5gza6dd4zuwdeyqhzbcav78qt6yqjsem2jlzv3buxopx60x772vdyyorve0n2awk5dzvqqqidjoy8ziv8whvgyr4xlt6gb0h48ama8:latest/classification_report.table.json", "path": "media/table/classification_report_23_273ebbb240728a613138.table.json", "ncols": 7, "nrows": 4}, "_wandb": {"runtime": 122}}