{"train/loss": 0.0079, "train/learning_rate": 0.0, "train/epoch": 10.0, "train/global_step": 2500, "_timestamp": 1684948617.039454, "_runtime": 838.3910830020905, "_step": 23, "eval/loss": 0.5541113805987178, "eval/f1": 0.9972527754670283, "eval/roc_auc": 0.999984117703174, "eval/accuracy": 0.9973333333333333, "eval/runtime": 16.5539, "eval/samples_per_second": 45.307, "eval/steps_per_second": 11.357, "train/train_runtime": 784.3395, "train/train_samples_per_second": 12.75, "train/train_steps_per_second": 3.187, "train/total_flos": 657783544320000.0, "train/train_loss": 0.1772561927318573, "test/loss": 0.8772263818959597, "test/f1": 0.65532778405287, "test/roc_auc": 0.8109485736855704, "test/accuracy": 0.6735714285714286, "test/runtime": 32.1642, "test/samples_per_second": 43.527, "test/steps_per_second": 10.882, "classification_report": {"_type": "table-file", "sha256": "c6f1f1dd256bffc6b2c2de8b5b8234f3040546393a6ea87b1dc5ee2b02eaeac6", "size": 620, "artifact_path": "wandb-client-artifact://gbglyiu1dvuefp5wmi2yd2dbrp4dl4i8b2zeiz4udoc8iy44cb1er3p4g602vrnaasowgukw158ijvu1mh54a3a6qda6uinfntha12ya7h3o6i111b9nelks0erf85yj:latest/classification_report.table.json", "_latest_artifact_path": "wandb-client-artifact://gbglyiu1dvuefp5wmi2yd2dbrp4dl4i8b2zeiz4udoc8iy44cb1er3p4g602vrnaasowgukw158ijvu1mh54a3a6qda6uinfntha12ya7h3o6i111b9nelks0erf85yj:latest/classification_report.table.json", "path": "media/table/classification_report_23_c6f1f1dd256bffc6b2c2.table.json", "ncols": 8, "nrows": 4}, "_wandb": {"runtime": 837}}