{"Validation Accuracy": 0.625, "Validation Macro F1": 0.3846153846153846, "Validation Precision": 0.3333333333333333, "_timestamp": 1686864760.975934, "_runtime": 125.51350402832031, "_step": 401, "Test Accuracy": 0.8, "Test Macro F1": 0.4444444444444445, "Test Precision": 0.4, "_wandb": {"runtime": 125}}