{"train/loss": 0.6551, "train/learning_rate": 1.8e-05, "train/epoch": 1.0, "train/global_step": 8, "_timestamp": 1684849046.2068317, "_runtime": 11.598850727081299, "_step": 1, "_wandb": {"runtime": 11}}