{"Validation Accuracy": 0.6875, "Validation Macro F1": 0.5428571428571429, "Validation Precision": 0.6071428571428572, "_timestamp": 1686860218.9334972, "_runtime": 175.4541802406311, "_step": 401, "Test Accuracy": 0.6, "Test Macro F1": 0.375, "Test Precision": 0.375, "_wandb": {"runtime": 174}}