{"train/loss": 0.6888, "train/learning_rate": 0.0, "train/epoch": 10.0, "train/global_step": 790, "_timestamp": 1684764491.100274, "_runtime": 433.6817331314087, "_step": 23, "eval/loss": 0.7252616875182226, "eval/f1": 0.5076387693837359, "eval/roc_auc": 0.5175815199323714, "eval/accuracy": 0.588, "eval/runtime": 4.805, "eval/samples_per_second": 156.087, "eval/steps_per_second": 4.995, "train/train_runtime": 422.1701, "train/train_samples_per_second": 59.218, "train/train_steps_per_second": 1.871, "train/total_flos": 989174234846400.0, "train/train_loss": 0.6925669754607768, "test/loss": 0.778050419912589, "test/f1": 0.4632302405498281, "test/roc_auc": 0.4966257668711656, "test/accuracy": 0.5352112676056338, "test/runtime": 2.6339, "test/samples_per_second": 161.737, "test/steps_per_second": 5.315, "classification_report": {"_type": "table-file", "sha256": "536d5070237ac22b0bcf47bdd963a6ef5337e76e4c933e707579df5800763776", "size": 547, "artifact_path": "wandb-client-artifact://ps9zh11dgqr87y6f58s4lcxwy4c5gftky5vvrhrk96mecc1hg8mi2xsq1l1nd0tm9kerw6ysxhwv5szbmsgo7ichqwpf9f0qralzsfiojsn8vi3fnyy1v96xsjr2nhe1:latest/classification_report.table.json", "_latest_artifact_path": "wandb-client-artifact://ps9zh11dgqr87y6f58s4lcxwy4c5gftky5vvrhrk96mecc1hg8mi2xsq1l1nd0tm9kerw6ysxhwv5szbmsgo7ichqwpf9f0qralzsfiojsn8vi3fnyy1v96xsjr2nhe1:latest/classification_report.table.json", "path": "media/table/classification_report_23_536d5070237ac22b0bcf.table.json", "ncols": 7, "nrows": 4}, "_wandb": {"runtime": 433}}