{"train/loss": 0.0841, "train/learning_rate": 0.0, "train/epoch": 10.0, "train/global_step": 110, "_timestamp": 1686500176.7720284, "_runtime": 89.0529534816742, "_step": 23, "eval/loss": 0.3932616875182228, "eval/f1": 0.896049896049896, "eval/roc_auc": 0.9695238095238096, "eval/accuracy": 0.92, "eval/runtime": 1.4724, "eval/samples_per_second": 33.957, "eval/steps_per_second": 8.829, "train/train_runtime": 78.9238, "train/train_samples_per_second": 5.322, "train/train_steps_per_second": 1.394, "train/total_flos": 55684988200800.0, "train/train_loss": 0.3232626579024575, "test/loss": 0.4199283541848895, "test/f1": 0.8875562218890555, "test/roc_auc": 0.9501466275659824, "test/accuracy": 0.8933333333333333, "test/runtime": 2.2551, "test/samples_per_second": 33.258, "test/steps_per_second": 8.425, "classification_report": {"_type": "table-file", "sha256": "7a3a001b0986723d16a3bd8a6a104cad43a2e9fe0f0beb14277ad6bd950880ec", "size": 547, "artifact_path": "wandb-client-artifact://zfdcxsqvyfgo6a7w8zmeczf00qfcxy2wpmeexfd4eewl6o4hj08abrsefeewpts5j2davwbzqa8m9d7t8zk21hu9e2ufpwj96a6gulhlq352rbhl6vywg5fpdygeb27v:latest/classification_report.table.json", "_latest_artifact_path": "wandb-client-artifact://zfdcxsqvyfgo6a7w8zmeczf00qfcxy2wpmeexfd4eewl6o4hj08abrsefeewpts5j2davwbzqa8m9d7t8zk21hu9e2ufpwj96a6gulhlq352rbhl6vywg5fpdygeb27v:latest/classification_report.table.json", "path": "media/table/classification_report_23_7a3a001b0986723d16a3.table.json", "ncols": 7, "nrows": 4}, "_wandb": {"runtime": 88}}