{"Validation Accuracy": 0.5, "Validation Macro F1": 0.5, "Validation Precision": 0.6666666666666666, "_timestamp": 1686911063.876439, "_runtime": 46.824268102645874, "_step": 10, "Test Accuracy": 0.5, "Test Macro F1": 0.4759358288770053, "Test Precision": 0.5, "_wandb": {"runtime": 46}}