{"train/loss": 0.679, "train/learning_rate": 0.0, "train/epoch": 10.0, "train/global_step": 790, "_timestamp": 1684866765.9408586, "_runtime": 609.6912364959717, "_step": 23, "eval/loss": 0.6999283541848893, "eval/f1": 0.5056818181818182, "eval/roc_auc": 0.4892953144442017, "eval/accuracy": 0.6133333333333333, "eval/runtime": 3.149, "eval/samples_per_second": 238.168, "eval/steps_per_second": 3.811, "train/train_runtime": 595.2118, "train/train_samples_per_second": 84.004, "train/train_steps_per_second": 1.327, "train/total_flos": 2672221656000000.0, "train/train_loss": 0.6861044050771978, "test/loss": 0.7146701382224482, "test/f1": 0.517099654626088, "test/roc_auc": 0.5590490797546013, "test/accuracy": 0.5985915492957746, "test/runtime": 1.6931, "test/samples_per_second": 251.611, "test/steps_per_second": 4.134, "classification_report": {"_type": "table-file", "sha256": "2c56f32138a3bf48f33616ff1dfba23a22d2f934249b7f4e020a6d60687f7436", "size": 560, "artifact_path": "wandb-client-artifact://l4y0983je0vn110329eminp9t71ycg25aibcz60d7o594gfijf0dtasklkk50axz5cs9083lqti1p8ugpd39909nw1whdid5lr5z2p3kxln2ft4uo5j7nzbqrxb81l8o:latest/classification_report.table.json", "_latest_artifact_path": "wandb-client-artifact://l4y0983je0vn110329eminp9t71ycg25aibcz60d7o594gfijf0dtasklkk50axz5cs9083lqti1p8ugpd39909nw1whdid5lr5z2p3kxln2ft4uo5j7nzbqrxb81l8o:latest/classification_report.table.json", "path": "media/table/classification_report_23_2c56f32138a3bf48f336.table.json", "ncols": 7, "nrows": 4}, "_wandb": {"runtime": 604}}