{"train/loss": 0.0193, "train/learning_rate": 0.0, "train/epoch": 10.0, "train/global_step": 320, "_timestamp": 1684774357.6374075, "_runtime": 251.89222645759583, "_step": 23, "eval/loss": 0.9875704941313473, "eval/f1": 0.4958643686607213, "eval/roc_auc": 0.7167535743566095, "eval/accuracy": 0.5626666666666666, "eval/runtime": 2.846, "eval/samples_per_second": 263.532, "eval/steps_per_second": 4.217, "train/train_runtime": 203.1727, "train/train_samples_per_second": 98.438, "train/train_steps_per_second": 1.575, "train/total_flos": 544726997640000.0, "train/train_loss": 0.10289291143417359, "test/loss": 1.1161353676628667, "test/f1": 0.3959425665187049, "test/roc_auc": 0.63984225344924, "test/accuracy": 0.428931943992185, "test/runtime": 41.6461, "test/samples_per_second": 294.961, "test/steps_per_second": 4.61, "classification_report": {"_type": "table-file", "sha256": "02d7041e319d22c387b1cd88d0d10695907afedd3eb6ae04908d6eea733d77c4", "size": 661, "artifact_path": "wandb-client-artifact://rcqx14titmv5x7kk79vj662zbsfy97ptf9v10q3qf6h72s3aftyw3ap73teaiyej9viyy4eqb0jydvx6kjk7kge379v917qm1qsmveekb0jhlq0uae3hr9pk3kbrait9:latest/classification_report.table.json", "_latest_artifact_path": "wandb-client-artifact://rcqx14titmv5x7kk79vj662zbsfy97ptf9v10q3qf6h72s3aftyw3ap73teaiyej9viyy4eqb0jydvx6kjk7kge379v917qm1qsmveekb0jhlq0uae3hr9pk3kbrait9:latest/classification_report.table.json", "path": "media/table/classification_report_23_02d7041e319d22c387b1.table.json", "ncols": 8, "nrows": 4}, "_wandb": {"runtime": 251}}