{"train/loss": 0.454, "train/learning_rate": 0.0, "train/epoch": 10.0, "train/global_step": 400, "_timestamp": 1684875548.3835874, "_runtime": 352.6043794155121, "_step": 23, "eval/loss": 0.9879283541848894, "eval/f1": 0.31717094656840167, "eval/roc_auc": 0.5067438569162526, "eval/accuracy": 0.3253333333333333, "eval/runtime": 3.1882, "eval/samples_per_second": 235.245, "eval/steps_per_second": 3.764, "train/train_runtime": 342.4342, "train/train_samples_per_second": 73.007, "train/train_steps_per_second": 1.168, "train/total_flos": 1336061494677120.0, "train/train_loss": 0.5085210275650024, "test/loss": 1.0550457250769083, "test/f1": 0.23383039271485487, "test/roc_auc": 0.49546012269938655, "test/accuracy": 0.25821596244131456, "test/runtime": 1.616, "test/samples_per_second": 263.611, "test/steps_per_second": 4.332, "classification_report": {"_type": "table-file", "sha256": "53fb96a8a13ff96123e78ad436b87d594acdad218ce3d24fee299cbe35d22f0f", "size": 575, "artifact_path": "wandb-client-artifact://q4r3cxifw5heacjjyqd0tyu2hoycma847p2pyewba7die1gy97x0g7035gacxu3m28zo7n7cie1asd9xhcs83u4rsnmwj3l5btb8u91tv7liuc0gj7r8kpt3kng41iex:latest/classification_report.table.json", "_latest_artifact_path": "wandb-client-artifact://q4r3cxifw5heacjjyqd0tyu2hoycma847p2pyewba7die1gy97x0g7035gacxu3m28zo7n7cie1asd9xhcs83u4rsnmwj3l5btb8u91tv7liuc0gj7r8kpt3kng41iex:latest/classification_report.table.json", "path": "media/table/classification_report_23_53fb96a8a13ff96123e7.table.json", "ncols": 7, "nrows": 4}, "_wandb": {"runtime": 351}}