{"train/loss": 0.6866, "train/learning_rate": 0.0, "train/epoch": 10.0, "train/global_step": 240, "_timestamp": 1684862167.6530373, "_runtime": 223.3572473526001, "_step": 23, "eval/loss": 0.7212616875182226, "eval/f1": 0.5179219600725953, "eval/roc_auc": 0.5453001966166735, "eval/accuracy": 0.592, "eval/runtime": 3.1238, "eval/samples_per_second": 240.091, "eval/steps_per_second": 3.841, "train/train_runtime": 213.9741, "train/train_samples_per_second": 70.102, "train/train_steps_per_second": 1.122, "train/total_flos": 801666496800000.0, "train/train_loss": 0.69226127465566, "test/loss": 0.7592710771895844, "test/f1": 0.48491790759832, "test/roc_auc": 0.5131901840490798, "test/accuracy": 0.5539906103286385, "test/runtime": 1.611, "test/samples_per_second": 264.439, "test/steps_per_second": 4.345, "classification_report": {"_type": "table-file", "sha256": "c3c8b6ef9d1fc0c7d717a722bf09a3c4c40af2c0d0fecc9af4b5dd0a1d5de708", "size": 551, "artifact_path": "wandb-client-artifact://qwlscucsn9gqw0p5eue6zamh762qr0lsmwqivg0owc3q8crzo6x8t4nud1b2b78x4cmg8rfdho8okajwt7a7hngwn4y6aqog5682rc72ngc684l7dwg1t3sy0b1jm7w4:latest/classification_report.table.json", "_latest_artifact_path": "wandb-client-artifact://qwlscucsn9gqw0p5eue6zamh762qr0lsmwqivg0owc3q8crzo6x8t4nud1b2b78x4cmg8rfdho8okajwt7a7hngwn4y6aqog5682rc72ngc684l7dwg1t3sy0b1jm7w4:latest/classification_report.table.json", "path": "media/table/classification_report_23_c3c8b6ef9d1fc0c7d717.table.json", "ncols": 7, "nrows": 4}, "_wandb": {"runtime": 222}}