{"train/loss": 0.6927, "train/learning_rate": 0.0, "train/epoch": 10.0, "train/global_step": 550, "_timestamp": 1684861607.1859581, "_runtime": 435.6052072048187, "_step": 23, "eval/loss": 0.7812616875182227, "eval/f1": 0.47811244223552246, "eval/roc_auc": 0.5080071427892972, "eval/accuracy": 0.532, "eval/runtime": 3.1521, "eval/samples_per_second": 237.935, "eval/steps_per_second": 3.807, "train/train_runtime": 426.2879, "train/train_samples_per_second": 82.104, "train/train_steps_per_second": 1.29, "train/total_flos": 1870555159200000.0, "train/train_loss": 0.6949328682639382, "test/loss": 0.7404917344665797, "test/f1": 0.5159090909090909, "test/roc_auc": 0.5628527607361964, "test/accuracy": 0.5727699530516432, "test/runtime": 1.649, "test/samples_per_second": 258.344, "test/steps_per_second": 4.245, "classification_report": {"_type": "table-file", "sha256": "86f794798eafb7d0b2a8a4c0f821e8e0f08c06d633c1a173414eed8c29bdc126", "size": 546, "artifact_path": "wandb-client-artifact://cgnzkzzuju65srw7to5khjcvmqm9fbs6ab2lgow8o48qebn5b2jug8iug3hwfjeenzvihzn3e37ydyqkfzis1f0ieuhhlbdpm3sdes7qtfpbug8ayrjq5abin77ol3gi:latest/classification_report.table.json", "_latest_artifact_path": "wandb-client-artifact://cgnzkzzuju65srw7to5khjcvmqm9fbs6ab2lgow8o48qebn5b2jug8iug3hwfjeenzvihzn3e37ydyqkfzis1f0ieuhhlbdpm3sdes7qtfpbug8ayrjq5abin77ol3gi:latest/classification_report.table.json", "path": "media/table/classification_report_23_86f794798eafb7d0b2a8.table.json", "ncols": 7, "nrows": 4}, "_wandb": {"runtime": 435}}