{"Validation Accuracy": 0.625, "Validation Macro F1": 0.49999999999999994, "Validation Precision": 0.8, "_timestamp": 1686860977.6406589, "_runtime": 89.80670595169067, "_step": 151, "_wandb": {"runtime": 89}}