{"train/loss": 0.6926, "train/learning_rate": 0.0, "train/epoch": 10.0, "train/global_step": 400, "_timestamp": 1684860765.1458213, "_runtime": 338.8022162914276, "_step": 23, "eval/loss": 0.5879283541848895, "eval/f1": 0.45945756829377515, "eval/roc_auc": 0.4993826046485121, "eval/accuracy": 0.7253333333333334, "eval/runtime": 3.1714, "eval/samples_per_second": 236.492, "eval/steps_per_second": 3.784, "train/train_runtime": 329.3929, "train/train_samples_per_second": 75.897, "train/train_steps_per_second": 1.214, "train/total_flos": 1335944328035280.0, "train/train_loss": 0.694982933998108, "test/loss": 0.5667828142787863, "test/f1": 0.46880339906710394, "test/roc_auc": 0.5798159509202454, "test/accuracy": 0.7464788732394366, "test/runtime": 1.5998, "test/samples_per_second": 266.284, "test/steps_per_second": 4.376, "classification_report": {"_type": "table-file", "sha256": "cde4670704d77b82a55a9fff6e77db380ce88347371bb620472e0b223427cab6", "size": 564, "artifact_path": "wandb-client-artifact://9e5wj826s4tchnszxll0ysd7rpnk6akdhqq80xa4xeyioriabkc0a83i2laux90qpo9w4ta7mmpd3hvmo7lmr8xbk81po4usk4fxdir3tdv1nxzhnsherl2tbskgqn0q:latest/classification_report.table.json", "_latest_artifact_path": "wandb-client-artifact://9e5wj826s4tchnszxll0ysd7rpnk6akdhqq80xa4xeyioriabkc0a83i2laux90qpo9w4ta7mmpd3hvmo7lmr8xbk81po4usk4fxdir3tdv1nxzhnsherl2tbskgqn0q:latest/classification_report.table.json", "path": "media/table/classification_report_23_cde4670704d77b82a55a.table.json", "ncols": 7, "nrows": 4}, "_wandb": {"runtime": 338}}