{"train/loss": 0.6972, "train/learning_rate": 1.8e-05, "train/epoch": 1.0, "train/global_step": 16, "_timestamp": 1684762811.9122784, "_runtime": 18.17915630340576, "_step": 1, "eval/loss": 1.0625950208515562, "eval/f1": 0.20155937443171487, "eval/roc_auc": 0.586197889457737, "eval/accuracy": 0.25066666666666665, "eval/runtime": 4.8571, "eval/samples_per_second": 154.412, "eval/steps_per_second": 4.941, "_wandb": {"runtime": 22}}