{"train/loss": 0.6243, "train/learning_rate": 0.0, "train/epoch": 10.0, "train/global_step": 320, "_timestamp": 1684851062.8097062, "_runtime": 198.11466431617737, "_step": 21, "eval/loss": 1.0986122886681098, "eval/f1": 0.0, "eval/roc_auc": 0.5038875415729064, "eval/accuracy": 0.0, "eval/runtime": 2.5061, "eval/samples_per_second": 299.27, "eval/steps_per_second": 4.788, "train/train_runtime": 190.529, "train/train_samples_per_second": 104.971, "train/train_steps_per_second": 1.68, "train/total_flos": 606394204920000.0, "train/train_loss": 0.6314081311225891, "_wandb": {"runtime": 203}}