{"train/loss": 0.6934, "train/learning_rate": 0.0, "train/epoch": 10.0, "train/global_step": 320, "_timestamp": 1684860416.7467697, "_runtime": 280.73024463653564, "_step": 23, "eval/loss": 0.6372616875182228, "eval/f1": 0.5117540687160941, "eval/roc_auc": 0.5324844938782876, "eval/accuracy": 0.676, "eval/runtime": 2.9634, "eval/samples_per_second": 253.088, "eval/steps_per_second": 4.049, "train/train_runtime": 270.5247, "train/train_samples_per_second": 73.93, "train/train_steps_per_second": 1.183, "train/total_flos": 1068888662400000.0, "train/train_loss": 0.6949502646923065, "test/loss": 0.613731171086298, "test/f1": 0.5528292602919468, "test/roc_auc": 0.5802453987730061, "test/accuracy": 0.6995305164319249, "test/runtime": 1.5818, "test/samples_per_second": 269.313, "test/steps_per_second": 4.425, "classification_report": {"_type": "table-file", "sha256": "fff06b799ca894133b32689afc87285fa44ecb5a045c5ff1838cb83b18a28d49", "size": 560, "artifact_path": "wandb-client-artifact://vojeyetof0mmqfwqf4kqnjpeln8j6gxi9mkjwf5tjbq62gc1b0dzig1lpuomn0lyelo03kj5dzx054jj94wiclzqrchquuyrl4y5qpzd2hlh3jczrhptggtkyscugfyy:latest/classification_report.table.json", "_latest_artifact_path": "wandb-client-artifact://vojeyetof0mmqfwqf4kqnjpeln8j6gxi9mkjwf5tjbq62gc1b0dzig1lpuomn0lyelo03kj5dzx054jj94wiclzqrchquuyrl4y5qpzd2hlh3jczrhptggtkyscugfyy:latest/classification_report.table.json", "path": "media/table/classification_report_23_fff06b799ca894133b32.table.json", "ncols": 7, "nrows": 4}, "_wandb": {"runtime": 279}}