{"Validation Accuracy": 1.0, "Validation Macro F1": 1.0, "Validation Precision": 1.0, "_timestamp": 1686858990.0887465, "_runtime": 1008.532951593399, "_step": 1124, "_wandb": {"runtime": 1047}}