{"train/loss": 0.0005, "train/learning_rate": 0.0, "train/epoch": 10.0, "train/global_step": 1740, "_timestamp": 1686401206.62551, "_runtime": 360.5329809188843, "_step": 23, "eval/loss": 0.31326168751822286, "eval/f1": 1.0, "eval/roc_auc": 1.0, "eval/accuracy": 1.0, "eval/runtime": 0.8818, "eval/samples_per_second": 56.703, "eval/steps_per_second": 14.743, "train/train_runtime": 352.7604, "train/train_samples_per_second": 19.673, "train/train_steps_per_second": 4.933, "train/total_flos": 456497681049600.0, "train/train_loss": 0.048811789079644216, "test/loss": 0.3616487842924164, "test/f1": 0.9453423449897149, "test/roc_auc": 0.9892755681818182, "test/accuracy": 0.9516129032258065, "test/runtime": 2.313, "test/samples_per_second": 53.61, "test/steps_per_second": 13.403, "classification_report": {"_type": "table-file", "sha256": "b12abdeafb39924c4ff54236249dc3a4327ace3aae1e198d9e8e22b0c0927138", "size": 534, "artifact_path": "wandb-client-artifact://jqupwm4kref5o829dp4eot8ii4ulk69dbt8z4aaam7j2nj66ys3nmetpt0y736ttn1bhd8r2b08c6605oeekdfann8n4iamrm30v1wyarexc1ks2kzu0n4gzbie2cydx:latest/classification_report.table.json", "_latest_artifact_path": "wandb-client-artifact://jqupwm4kref5o829dp4eot8ii4ulk69dbt8z4aaam7j2nj66ys3nmetpt0y736ttn1bhd8r2b08c6605oeekdfann8n4iamrm30v1wyarexc1ks2kzu0n4gzbie2cydx:latest/classification_report.table.json", "path": "media/table/classification_report_23_b12abdeafb39924c4ff5.table.json", "ncols": 7, "nrows": 4}, "_wandb": {"runtime": 360}}