{"train/loss": 0.6866, "train/learning_rate": 0.0, "train/epoch": 10.0, "train/global_step": 240, "_timestamp": 1684694705.5527744, "_runtime": 249.8288164138794, "_step": 23, "eval/loss": 0.7212616875182226, "eval/f1": 0.5179219600725953, "eval/roc_auc": 0.5453001966166735, "eval/accuracy": 0.592, "eval/runtime": 3.4582, "eval/samples_per_second": 216.877, "eval/steps_per_second": 3.47, "train/train_runtime": 238.6534, "train/train_samples_per_second": 62.853, "train/train_steps_per_second": 1.006, "train/total_flos": 801666496800000.0, "train/train_loss": 0.69226127465566, "test/loss": 0.7592710771895844, "test/f1": 0.48491790759832, "test/roc_auc": 0.5131901840490798, "test/accuracy": 0.5539906103286385, "test/runtime": 1.8322, "test/samples_per_second": 232.501, "test/steps_per_second": 3.82, "classification_report": {"_type": "table-file", "sha256": "c3c8b6ef9d1fc0c7d717a722bf09a3c4c40af2c0d0fecc9af4b5dd0a1d5de708", "size": 551, "artifact_path": "wandb-client-artifact://vb3q70f26da1uyvm2tnkenlggai6u0x935jildamtsgwxb8y2kf86o6wtkpnvhnsclwzluu6jthwnandnviubxh56qxtzcb5jt36c0ncabn2sn7qzeeewsg9r2s2r558:latest/classification_report.table.json", "_latest_artifact_path": "wandb-client-artifact://vb3q70f26da1uyvm2tnkenlggai6u0x935jildamtsgwxb8y2kf86o6wtkpnvhnsclwzluu6jthwnandnviubxh56qxtzcb5jt36c0ncabn2sn7qzeeewsg9r2s2r558:latest/classification_report.table.json", "path": "media/table/classification_report_23_c3c8b6ef9d1fc0c7d717.table.json", "ncols": 7, "nrows": 4}, "_wandb": {"runtime": 249}}