{"train/loss": 0.6939, "train/learning_rate": 0.0, "train/epoch": 10.0, "train/global_step": 80, "_timestamp": 1684859734.225202, "_runtime": 111.75622797012329, "_step": 23, "eval/loss": 0.5639283541848896, "eval/f1": 0.42835365853658536, "eval/roc_auc": 0.5552022682155375, "eval/accuracy": 0.7493333333333333, "eval/runtime": 3.0527, "eval/samples_per_second": 245.687, "eval/steps_per_second": 3.931, "train/train_runtime": 102.283, "train/train_samples_per_second": 48.884, "train/train_steps_per_second": 0.782, "train/total_flos": 197847180300000.0, "train/train_loss": 0.6967210412025452, "test/loss": 0.5480034715557816, "test/f1": 0.43351063829787234, "test/roc_auc": 0.535521472392638, "test/accuracy": 0.7652582159624414, "test/runtime": 1.6358, "test/samples_per_second": 260.42, "test/steps_per_second": 4.279, "classification_report": {"_type": "table-file", "sha256": "5a9065e9529bfa13f69e14ea63df6ac56c014a8232f9d6307ff7833d045e91d3", "size": 502, "artifact_path": "wandb-client-artifact://0ehoz4g0oqfz8o3yuyhtkzoympk5afak37l6m4mw2af6nl5583ywsruwqkbp5b91udbhy3alyznzb3r70i96ioqjdsz3rlu3z7dztbd10ybavyj7hz5kqqm8dm7k4z5f:latest/classification_report.table.json", "_latest_artifact_path": "wandb-client-artifact://0ehoz4g0oqfz8o3yuyhtkzoympk5afak37l6m4mw2af6nl5583ywsruwqkbp5b91udbhy3alyznzb3r70i96ioqjdsz3rlu3z7dztbd10ybavyj7hz5kqqm8dm7k4z5f:latest/classification_report.table.json", "path": "media/table/classification_report_23_5a9065e9529bfa13f69e.table.json", "ncols": 7, "nrows": 4}, "_wandb": {"runtime": 111}}