{"Validation Accuracy": 0.84375, "Validation Macro F1": 0.4576271186440678, "Validation Precision": 0.421875, "_timestamp": 1686900812.6248035, "_runtime": 27.32652258872986, "_step": 45, "_wandb": {"runtime": 27}}