{"Validation Accuracy": 0.296875, "Validation Macro F1": 0.2883617494440326, "Validation Precision": 0.4910714285714286, "_timestamp": 1686918586.9665082, "_runtime": 409.91779613494873, "_step": 399, "Test Accuracy": 0.3333333333333333, "Test Macro F1": 0.3194444444444444, "Test Precision": 0.631578947368421, "_wandb": {"runtime": 409}}