{"train/loss": 0.0513, "train/learning_rate": 0.0, "train/epoch": 10.0, "train/global_step": 160, "_timestamp": 1684775606.6320565, "_runtime": 171.1201033592224, "_step": 23, "eval/loss": 1.0364509555264203, "eval/f1": 0.45846789582730924, "eval/roc_auc": 0.6574997274817261, "eval/accuracy": 0.5053333333333333, "eval/runtime": 2.9, "eval/samples_per_second": 258.62, "eval/steps_per_second": 4.138, "train/train_runtime": 121.221, "train/train_samples_per_second": 82.494, "train/train_steps_per_second": 1.32, "train/total_flos": 231252027300000.0, "train/train_loss": 0.17280501015484334, "test/loss": 1.1251975415297422, "test/f1": 0.37296638560123546, "test/roc_auc": 0.6180051058488737, "test/accuracy": 0.40320742429176165, "test/runtime": 41.8679, "test/samples_per_second": 293.399, "test/steps_per_second": 4.586, "classification_report": {"_type": "table-file", "sha256": "1a61ff8a3dc14fde32e27dec91c07fb9dc8ec278f36032e83b48dd09916b5030", "size": 652, "artifact_path": "wandb-client-artifact://6aq9d6x1qpng7rdwhucoqsjtqbpgj02c4dj06iswn3p2needjqpcu863ymnthdptz3kyjwuiii63mr5b2snehe9rhhpiphl2zxdpveqi5q5t23bv7otervs3qayh0u7w:latest/classification_report.table.json", "_latest_artifact_path": "wandb-client-artifact://6aq9d6x1qpng7rdwhucoqsjtqbpgj02c4dj06iswn3p2needjqpcu863ymnthdptz3kyjwuiii63mr5b2snehe9rhhpiphl2zxdpveqi5q5t23bv7otervs3qayh0u7w:latest/classification_report.table.json", "path": "media/table/classification_report_23_1a61ff8a3dc14fde32e2.table.json", "ncols": 8, "nrows": 4}, "_wandb": {"runtime": 169}}