{"train/loss": 0.0398, "train/learning_rate": 0.0, "train/epoch": 10.0, "train/global_step": 190, "_timestamp": 1684775814.3550386, "_runtime": 189.49377870559692, "_step": 23, "eval/loss": 1.0296332261790102, "eval/f1": 0.39575817197710084, "eval/roc_auc": 0.663611217273153, "eval/accuracy": 0.488, "eval/runtime": 2.7453, "eval/samples_per_second": 273.189, "eval/steps_per_second": 4.371, "train/train_runtime": 140.1099, "train/train_samples_per_second": 85.647, "train/train_steps_per_second": 1.356, "train/total_flos": 326836198584000.0, "train/train_loss": 0.15188611212529635, "test/loss": 1.115818626222452, "test/f1": 0.30373454754864365, "test/roc_auc": 0.6332079983158915, "test/accuracy": 0.3623412569195702, "test/runtime": 41.9443, "test/samples_per_second": 292.865, "test/steps_per_second": 4.577, "classification_report": {"_type": "table-file", "sha256": "b67c6bdf63b578122f59fc6e15994d489ce73d65b8c0d08c54c6625b2f34ee5f", "size": 617, "artifact_path": "wandb-client-artifact://veoiw7ogo2gd03ul98pccvysvyjkabdn1u9adu5vcftlb060omllak8fx5el1b1co54u47pzi30j381kmkq1s3hg9k42i92onbjoscg4dm5p4gjar6yay9xd6azbss4d:latest/classification_report.table.json", "_latest_artifact_path": "wandb-client-artifact://veoiw7ogo2gd03ul98pccvysvyjkabdn1u9adu5vcftlb060omllak8fx5el1b1co54u47pzi30j381kmkq1s3hg9k42i92onbjoscg4dm5p4gjar6yay9xd6azbss4d:latest/classification_report.table.json", "path": "media/table/classification_report_23_b67c6bdf63b578122f59.table.json", "ncols": 8, "nrows": 4}, "_wandb": {"runtime": 188}}