{"Validation Accuracy": 0.6875, "Validation Macro F1": 0.4074074074074074, "Validation Precision": 0.34375, "_timestamp": 1686907064.2684107, "_runtime": 30.340587615966797, "_step": 38, "Test Accuracy": 0.7142857142857143, "Test Macro F1": 0.41666666666666663, "Test Precision": 0.35714285714285715, "_wandb": {"runtime": 29}}