{"train/loss": 0.6707, "train/learning_rate": 0.0, "train/epoch": 10.0, "train/global_step": 1250, "_timestamp": 1684766338.17931, "_runtime": 693.4247200489044, "_step": 23, "eval/loss": 0.6772616875182228, "eval/f1": 0.5146666666666667, "eval/roc_auc": 0.537338171179985, "eval/accuracy": 0.636, "eval/runtime": 4.7107, "eval/samples_per_second": 159.212, "eval/steps_per_second": 5.095, "train/train_runtime": 681.6367, "train/train_samples_per_second": 58.682, "train/train_steps_per_second": 1.834, "train/total_flos": 2137777324800000.0, "train/train_loss": 0.6770329162597656, "test/loss": 0.7076278847013214, "test/f1": 0.48527042577675494, "test/roc_auc": 0.48389570552147243, "test/accuracy": 0.6056338028169014, "test/runtime": 2.6814, "test/samples_per_second": 158.872, "test/steps_per_second": 5.221, "classification_report": {"_type": "table-file", "sha256": "8d3e1343eac6005a3f8a6856358ff5ba8fbe486bee1a8511a391e9f1ac38ba1a", "size": 565, "artifact_path": "wandb-client-artifact://7mfki2s2soi839lcqw4t1vig8cyhvaz5un7v037ddbhrgydvm85shs6t589pcgd9ch09yb4ezhokjldixqgmtumnaytokpg6r5kpz6w2c2cmugct2g3pghu1g35k0jbf:latest/classification_report.table.json", "_latest_artifact_path": "wandb-client-artifact://7mfki2s2soi839lcqw4t1vig8cyhvaz5un7v037ddbhrgydvm85shs6t589pcgd9ch09yb4ezhokjldixqgmtumnaytokpg6r5kpz6w2c2cmugct2g3pghu1g35k0jbf:latest/classification_report.table.json", "path": "media/table/classification_report_23_8d3e1343eac6005a3f8a.table.json", "ncols": 7, "nrows": 4}, "_wandb": {"runtime": 692}}