{"train/loss": 0.6772, "train/learning_rate": 0.0, "train/epoch": 10.0, "train/global_step": 160, "_timestamp": 1684763163.2534974, "_runtime": 152.0202193260193, "_step": 23, "eval/loss": 1.0439283541848894, "eval/f1": 0.2335750089509488, "eval/roc_auc": 0.6231371282567604, "eval/accuracy": 0.2693333333333333, "eval/runtime": 4.7679, "eval/samples_per_second": 157.302, "eval/steps_per_second": 5.034, "train/train_runtime": 139.3522, "train/train_samples_per_second": 35.88, "train/train_steps_per_second": 1.148, "train/total_flos": 172152741300000.0, "train/train_loss": 0.6824406087398529, "test/loss": 1.0550457250769083, "test/f1": 0.22356035437430788, "test/roc_auc": 0.5062269938650307, "test/accuracy": 0.25821596244131456, "test/runtime": 2.6879, "test/samples_per_second": 158.489, "test/steps_per_second": 5.209, "classification_report": {"_type": "table-file", "sha256": "24003d7b7e8c02d246e74bfa82d8ed0f3fc338a3950349356f2bc5d9a46017cb", "size": 557, "artifact_path": "wandb-client-artifact://gh3zjkmn05mosfjwl1ixscxa19ch7lvqg0oybehcgvvlz9txf41wxhfs4kpzpqo975zymeww150jme4m6whezvrqui1x16mus7o5uo1xfc9ahuhd76zhgdm10vnagfiy:latest/classification_report.table.json", "_latest_artifact_path": "wandb-client-artifact://gh3zjkmn05mosfjwl1ixscxa19ch7lvqg0oybehcgvvlz9txf41wxhfs4kpzpqo975zymeww150jme4m6whezvrqui1x16mus7o5uo1xfc9ahuhd76zhgdm10vnagfiy:latest/classification_report.table.json", "path": "media/table/classification_report_23_24003d7b7e8c02d246e7.table.json", "ncols": 7, "nrows": 4}, "_wandb": {"runtime": 150}}