{"train/loss": 0.4375, "train/learning_rate": 0.0, "train/epoch": 10.0, "train/global_step": 240, "_timestamp": 1684874880.0643146, "_runtime": 233.4805965423584, "_step": 23, "eval/loss": 1.0025950208515562, "eval/f1": 0.29465502218357703, "eval/roc_auc": 0.5004298021485358, "eval/accuracy": 0.31066666666666665, "eval/runtime": 3.348, "eval/samples_per_second": 224.014, "eval/steps_per_second": 3.584, "train/train_runtime": 223.8294, "train/train_samples_per_second": 67.015, "train/train_steps_per_second": 1.072, "train/total_flos": 801666496800000.0, "train/train_loss": 0.4914866010348002, "test/loss": 1.0550457250769083, "test/f1": 0.23248494800218938, "test/roc_auc": 0.45622699386503063, "test/accuracy": 0.25821596244131456, "test/runtime": 1.6481, "test/samples_per_second": 258.482, "test/steps_per_second": 4.247, "classification_report": {"_type": "table-file", "sha256": "a848b9264211dd7a0add2dcdf927cba039ac3a2c57487cc01f36bcb73e15f3b0", "size": 572, "artifact_path": "wandb-client-artifact://i56rj5qn0f9rfdrcgmrsdlgz7dma4pklw5tfz9d7bkfw9rbz2n6nooc9tubghanp611d9lue4g5pkop00h0c1zemp2zqdlonxoj1yioc15dxsl4hp0m9j5wlrlt1770z:latest/classification_report.table.json", "_latest_artifact_path": "wandb-client-artifact://i56rj5qn0f9rfdrcgmrsdlgz7dma4pklw5tfz9d7bkfw9rbz2n6nooc9tubghanp611d9lue4g5pkop00h0c1zemp2zqdlonxoj1yioc15dxsl4hp0m9j5wlrlt1770z:latest/classification_report.table.json", "path": "media/table/classification_report_23_a848b9264211dd7a0add.table.json", "ncols": 7, "nrows": 4}, "_wandb": {"runtime": 232}}