{"train/loss": 0.6838, "train/learning_rate": 0.0, "train/epoch": 10.0, "train/global_step": 630, "_timestamp": 1684764047.5438712, "_runtime": 359.03540420532227, "_step": 23, "eval/loss": 0.7825950208515562, "eval/f1": 0.49074074074074076, "eval/roc_auc": 0.5318291049667081, "eval/accuracy": 0.5306666666666666, "eval/runtime": 5.0366, "eval/samples_per_second": 148.91, "eval/steps_per_second": 4.765, "train/train_runtime": 347.3137, "train/train_samples_per_second": 57.585, "train/train_steps_per_second": 1.814, "train/total_flos": 791388721200000.0, "train/train_loss": 0.6887270851740761, "test/loss": 0.7991771804759693, "test/f1": 0.4683058890208681, "test/roc_auc": 0.5233742331288344, "test/accuracy": 0.5140845070422535, "test/runtime": 2.553, "test/samples_per_second": 166.861, "test/steps_per_second": 5.484, "classification_report": {"_type": "table-file", "sha256": "56eb3c587b2330ba6d6479cf326e79c95a467729737d4eb9e9a8ee9c1d14fd3c", "size": 565, "artifact_path": "wandb-client-artifact://5krujry7lfh29rsr0wdgfuu9g9fx1c35sz38gcvntj78zgyl9ul6fo8pdmcfidlif9p9kviittf65oic8tv0lujhjq4kh8vmvnpovs5vd3h0db0u9sj18km84qi2ccrc:latest/classification_report.table.json", "_latest_artifact_path": "wandb-client-artifact://5krujry7lfh29rsr0wdgfuu9g9fx1c35sz38gcvntj78zgyl9ul6fo8pdmcfidlif9p9kviittf65oic8tv0lujhjq4kh8vmvnpovs5vd3h0db0u9sj18km84qi2ccrc:latest/classification_report.table.json", "path": "media/table/classification_report_23_56eb3c587b2330ba6d64.table.json", "ncols": 7, "nrows": 4}, "_wandb": {"runtime": 358}}