{"train/loss": 0.6774, "train/learning_rate": 0.0, "train/epoch": 10.0, "train/global_step": 790, "_timestamp": 1684845554.1122699, "_runtime": 600.5845539569855, "_step": 23, "eval/loss": 0.5639283541848896, "eval/f1": 0.42835365853658536, "eval/roc_auc": 0.49406350623569306, "eval/accuracy": 0.7493333333333333, "eval/runtime": 3.3137, "eval/samples_per_second": 226.335, "eval/steps_per_second": 3.621, "train/train_runtime": 591.1438, "train/train_samples_per_second": 84.582, "train/train_steps_per_second": 1.336, "train/total_flos": 2672221656000000.0, "train/train_loss": 0.6822446943838385, "test/loss": 0.5480034715557816, "test/f1": 0.43351063829787234, "test/roc_auc": 0.49834355828220855, "test/accuracy": 0.7652582159624414, "test/runtime": 1.5942, "test/samples_per_second": 267.21, "test/steps_per_second": 4.391, "classification_report": {"_type": "table-file", "sha256": "5a9065e9529bfa13f69e14ea63df6ac56c014a8232f9d6307ff7833d045e91d3", "size": 502, "artifact_path": "wandb-client-artifact://d4y7sgimeuk306o6wgjvug3nm75ze7d7pp6jzq6gczhf2xbj21lzlkb8a2prqih168xbocuh2jn4yamgtllctkuhdkznif53l02e8tf51n4r0jn8qq9zscdt71kqryqg:latest/classification_report.table.json", "_latest_artifact_path": "wandb-client-artifact://d4y7sgimeuk306o6wgjvug3nm75ze7d7pp6jzq6gczhf2xbj21lzlkb8a2prqih168xbocuh2jn4yamgtllctkuhdkznif53l02e8tf51n4r0jn8qq9zscdt71kqryqg:latest/classification_report.table.json", "path": "media/table/classification_report_23_5a9065e9529bfa13f69e.table.json", "ncols": 7, "nrows": 4}, "_wandb": {"runtime": 600}}