{"train/loss": 0.1284, "train/learning_rate": 0.0, "train/epoch": 10.0, "train/global_step": 80, "_timestamp": 1684775419.9454622, "_runtime": 139.58151412010193, "_step": 23, "eval/loss": 1.0369036694126954, "eval/f1": 0.36951448032535517, "eval/roc_auc": 0.6241737377894306, "eval/accuracy": 0.48133333333333334, "eval/runtime": 2.9479, "eval/samples_per_second": 254.42, "eval/steps_per_second": 4.071, "train/train_runtime": 90.4257, "train/train_samples_per_second": 55.294, "train/train_steps_per_second": 0.885, "train/total_flos": 115626013650000.0, "train/train_loss": 0.2580943152308464, "test/loss": 1.114990907785864, "test/f1": 0.27061207803316967, "test/roc_auc": 0.5854680923394477, "test/accuracy": 0.39807880169325954, "test/runtime": 40.9681, "test/samples_per_second": 299.843, "test/steps_per_second": 4.687, "classification_report": {"_type": "table-file", "sha256": "6d3b13ed5c254288287d68acc34b321297d792c6a65a4719b927c558022de1af", "size": 626, "artifact_path": "wandb-client-artifact://svc2lyg739p5nmjxj5gk1a8l6hs4r1wp3117mde3p5vh5qhnbjra6wtrod46o0x87wwqliuxey51n4aobjxtjfamdzyyo2wajnzndjn3hdjgckoz2cetqir83fi2dg85:latest/classification_report.table.json", "_latest_artifact_path": "wandb-client-artifact://svc2lyg739p5nmjxj5gk1a8l6hs4r1wp3117mde3p5vh5qhnbjra6wtrod46o0x87wwqliuxey51n4aobjxtjfamdzyyo2wajnzndjn3hdjgckoz2cetqir83fi2dg85:latest/classification_report.table.json", "path": "media/table/classification_report_23_6d3b13ed5c254288287d.table.json", "ncols": 8, "nrows": 4}, "_wandb": {"runtime": 138}}