{"train/loss": 0.64, "train/learning_rate": 1.4e-05, "train/epoch": 3.0, "train/global_step": 24, "_timestamp": 1684852943.4144642, "_runtime": 31.296502351760864, "_step": 5, "eval/loss": 1.0986122886681098, "eval/f1": 0.0, "eval/roc_auc": 0.5237334137946934, "eval/accuracy": 0.0, "eval/runtime": 2.2386, "eval/samples_per_second": 335.032, "eval/steps_per_second": 5.361, "_wandb": {"runtime": 32}}