{"train/loss": 0.6798, "train/learning_rate": 0.0, "train/epoch": 10.0, "train/global_step": 470, "_timestamp": 1684699077.3220422, "_runtime": 415.7281823158264, "_step": 23, "eval/loss": 0.9319283541848895, "eval/f1": 0.37974105971596417, "eval/roc_auc": 0.4350143900608847, "eval/accuracy": 0.38133333333333336, "eval/runtime": 3.2962, "eval/samples_per_second": 227.533, "eval/steps_per_second": 3.641, "train/train_runtime": 405.9085, "train/train_samples_per_second": 73.908, "train/train_steps_per_second": 1.158, "train/total_flos": 1603332993600000.0, "train/train_loss": 0.6858933793737533, "test/loss": 0.9306325795370022, "test/f1": 0.3820536438195988, "test/roc_auc": 0.5062269938650307, "test/accuracy": 0.3826291079812207, "test/runtime": 1.6693, "test/samples_per_second": 255.195, "test/steps_per_second": 4.193, "classification_report": {"_type": "table-file", "sha256": "47f074105c31cc93d12b96d73109bc306235b5aaac1c78146a12c115ba274167", "size": 565, "artifact_path": "wandb-client-artifact://q0rfrudgw5y6xre8fpqx1c9thqnaogdhsos1w4p8q4ys97g63f05ob7bpa09p0kok4u6uy97wl1o4d5j4956dmr4pnvg3mg5ok4l08gbq3jrttphnpdcqk6ef9zomh9m:latest/classification_report.table.json", "_latest_artifact_path": "wandb-client-artifact://q0rfrudgw5y6xre8fpqx1c9thqnaogdhsos1w4p8q4ys97g63f05ob7bpa09p0kok4u6uy97wl1o4d5j4956dmr4pnvg3mg5ok4l08gbq3jrttphnpdcqk6ef9zomh9m:latest/classification_report.table.json", "path": "media/table/classification_report_23_47f074105c31cc93d12b.table.json", "ncols": 7, "nrows": 4}, "_wandb": {"runtime": 415}}