{"Validation Accuracy": 0.25, "Validation Macro F1": 0.23809523809523808, "Validation Precision": 0.35714285714285715, "_timestamp": 1686923223.8141093, "_runtime": 207.16399240493774, "_step": 134, "Test Accuracy": 0.30952380952380953, "Test Macro F1": 0.2897959183673469, "Test Precision": 0.6282051282051282, "_wandb": {"runtime": 206}}