{"train/loss": 0.6763, "train/learning_rate": 0.0, "train/epoch": 10.0, "train/global_step": 320, "_timestamp": 1684698271.5838583, "_runtime": 305.4208171367645, "_step": 23, "eval/loss": 0.7959283541848895, "eval/f1": 0.48038277511961724, "eval/roc_auc": 0.4951653194783484, "eval/accuracy": 0.5173333333333333, "eval/runtime": 3.3433, "eval/samples_per_second": 224.326, "eval/steps_per_second": 3.589, "train/train_runtime": 294.905, "train/train_samples_per_second": 67.818, "train/train_steps_per_second": 1.085, "train/total_flos": 1068888662400000.0, "train/train_loss": 0.6837269246578217, "test/loss": 0.8390832837623543, "test/f1": 0.44604667363288053, "test/roc_auc": 0.5070245398773006, "test/accuracy": 0.47417840375586856, "test/runtime": 1.7396, "test/samples_per_second": 244.89, "test/steps_per_second": 4.024, "classification_report": {"_type": "table-file", "sha256": "d58b90e41ef9de87307c5063c3eb7755544f8fbd45d2afcbd0c8928a1e40f503", "size": 571, "artifact_path": "wandb-client-artifact://lbft1oicn20ee1e2n4cf1xv9vonc10suqxqkocch8d9uy5iumkb1y08y3pea4xjjhym5a2vd86oecg37sln8rgqma53vjzt8h084zuyv8ngqag3kylaf5rw8obftw9mt:latest/classification_report.table.json", "_latest_artifact_path": "wandb-client-artifact://lbft1oicn20ee1e2n4cf1xv9vonc10suqxqkocch8d9uy5iumkb1y08y3pea4xjjhym5a2vd86oecg37sln8rgqma53vjzt8h084zuyv8ngqag3kylaf5rw8obftw9mt:latest/classification_report.table.json", "path": "media/table/classification_report_23_d58b90e41ef9de87307c.table.json", "ncols": 7, "nrows": 4}, "_wandb": {"runtime": 304}}