{"train/loss": 0.6776, "train/learning_rate": 0.0, "train/epoch": 10.0, "train/global_step": 710, "_timestamp": 1684844943.0304766, "_runtime": 546.562492609024, "_step": 23, "eval/loss": 0.5612616875182229, "eval/f1": 0.43443500259470674, "eval/roc_auc": 0.5132407556919103, "eval/accuracy": 0.752, "eval/runtime": 3.2128, "eval/samples_per_second": 233.444, "eval/steps_per_second": 3.735, "train/train_runtime": 537.1328, "train/train_samples_per_second": 83.778, "train/train_steps_per_second": 1.322, "train/total_flos": 2404999490400000.0, "train/train_loss": 0.682049125349018, "test/loss": 0.5503508893961572, "test/f1": 0.43275632490013316, "test/roc_auc": 0.5008895705521472, "test/accuracy": 0.7629107981220657, "test/runtime": 1.6441, "test/samples_per_second": 259.113, "test/steps_per_second": 4.258, "classification_report": {"_type": "table-file", "sha256": "f489174fe7b6ac5c7bb1d9b485a3bce1b2e3ef8738f6d4d7e1ddbc0017d27f93", "size": 534, "artifact_path": "wandb-client-artifact://rx75ndrul8i4vuu3cs53h0mbw96oxehsy0yxj97nl363cxvmrxc0it6km7hqn0il6dk4u7cy4dukyehmybmev44151u6g7glij85pltojqbln8y9d6o00sjk6jx909ql:latest/classification_report.table.json", "_latest_artifact_path": "wandb-client-artifact://rx75ndrul8i4vuu3cs53h0mbw96oxehsy0yxj97nl363cxvmrxc0it6km7hqn0il6dk4u7cy4dukyehmybmev44151u6g7glij85pltojqbln8y9d6o00sjk6jx909ql:latest/classification_report.table.json", "path": "media/table/classification_report_23_f489174fe7b6ac5c7bb1.table.json", "ncols": 7, "nrows": 4}, "_wandb": {"runtime": 545}}