{"train/loss": 0.6783, "train/learning_rate": 0.0, "train/epoch": 10.0, "train/global_step": 470, "_timestamp": 1684695854.8584094, "_runtime": 431.98051047325134, "_step": 23, "eval/loss": 0.6959283541848895, "eval/f1": 0.5052304212609556, "eval/roc_auc": 0.5065538891157948, "eval/accuracy": 0.6173333333333333, "eval/runtime": 3.456, "eval/samples_per_second": 217.017, "eval/steps_per_second": 3.472, "train/train_runtime": 420.3177, "train/train_samples_per_second": 71.375, "train/train_steps_per_second": 1.118, "train/total_flos": 1603332993600000.0, "train/train_loss": 0.6853233134492914, "test/loss": 0.7240598095839506, "test/f1": 0.47453744493392075, "test/roc_auc": 0.5036196319018406, "test/accuracy": 0.5892018779342723, "test/runtime": 1.8724, "test/samples_per_second": 227.51, "test/steps_per_second": 3.738, "classification_report": {"_type": "table-file", "sha256": "0aaa186402f107083f08ee0b753bf5dff567dc9d54bae40da755bdc4f85e1e0f", "size": 564, "artifact_path": "wandb-client-artifact://2p4ej5qqr3ehfcm2r42iu57fl9g5qntn47ghl064j0gjcwl02e1za0wezye1vfl44mdhtb3v1op8tdod6lw9qvgl5sbdjfznpnjm2bzi1epf0rb1jni0v5qkylqoe7ld:latest/classification_report.table.json", "_latest_artifact_path": "wandb-client-artifact://2p4ej5qqr3ehfcm2r42iu57fl9g5qntn47ghl064j0gjcwl02e1za0wezye1vfl44mdhtb3v1op8tdod6lw9qvgl5sbdjfznpnjm2bzi1epf0rb1jni0v5qkylqoe7ld:latest/classification_report.table.json", "path": "media/table/classification_report_23_0aaa186402f107083f08.table.json", "ncols": 7, "nrows": 4}, "_wandb": {"runtime": 431}}