{"train/loss": 0.6842, "train/learning_rate": 0.0, "train/epoch": 10.0, "train/global_step": 710, "_timestamp": 1684700723.4964738, "_runtime": 609.6204977035522, "_step": 23, "eval/loss": 0.6079283541848894, "eval/f1": 0.4609317830717945, "eval/roc_auc": 0.5041009298923832, "eval/accuracy": 0.7053333333333334, "eval/runtime": 3.2443, "eval/samples_per_second": 231.175, "eval/steps_per_second": 3.699, "train/train_runtime": 599.2022, "train/train_samples_per_second": 75.1, "train/train_steps_per_second": 1.185, "train/total_flos": 2404999490400000.0, "train/train_loss": 0.6892382447148713, "test/loss": 0.5832147391614154, "test/f1": 0.46793374966060275, "test/roc_auc": 0.5432208588957055, "test/accuracy": 0.7300469483568075, "test/runtime": 1.7232, "test/samples_per_second": 247.209, "test/steps_per_second": 4.062, "classification_report": {"_type": "table-file", "sha256": "a57e1c1b698e7c7d6cc1612b48323ffeac3cdbae94e922af21afabfee59f7096", "size": 564, "artifact_path": "wandb-client-artifact://iz3ty4b2sj80njkwmsr8px3t4orisr94zimsaugmexw99bdg13lpalutkfi5kfzrmzseoppx77wqnvbpd0t5jw4mfia9m2z54diov04j6l82v26i7b5h11cxljig0pgu:latest/classification_report.table.json", "_latest_artifact_path": "wandb-client-artifact://iz3ty4b2sj80njkwmsr8px3t4orisr94zimsaugmexw99bdg13lpalutkfi5kfzrmzseoppx77wqnvbpd0t5jw4mfia9m2z54diov04j6l82v26i7b5h11cxljig0pgu:latest/classification_report.table.json", "path": "media/table/classification_report_23_a57e1c1b698e7c7d6cc1.table.json", "ncols": 7, "nrows": 4}, "_wandb": {"runtime": 609}}