{"train/loss": 0.0218, "train/learning_rate": 1.2e-05, "train/epoch": 4.0, "train/global_step": 220, "_timestamp": 1684775143.6855135, "_runtime": 131.94483757019043, "_step": 7, "eval/loss": 0.9447780472653843, "eval/f1": 0.5746521943638059, "eval/roc_auc": 0.7768765314653016, "eval/accuracy": 0.6066666666666667, "eval/runtime": 2.7768, "eval/samples_per_second": 270.1, "eval/steps_per_second": 4.322, "_wandb": {"runtime": 149}}