{"train/loss": 0.6821, "train/learning_rate": 0.0, "train/epoch": 10.0, "train/global_step": 630, "_timestamp": 1684700103.8058865, "_runtime": 530.118994474411, "_step": 23, "eval/loss": 0.6025950208515563, "eval/f1": 0.44480263629199795, "eval/roc_auc": 0.46199694151841264, "eval/accuracy": 0.7106666666666667, "eval/runtime": 3.2879, "eval/samples_per_second": 228.109, "eval/steps_per_second": 3.65, "train/train_runtime": 520.0743, "train/train_samples_per_second": 76.912, "train/train_steps_per_second": 1.211, "train/total_flos": 2137777324800000.0, "train/train_loss": 0.6876058003259083, "test/loss": 0.5761724856402886, "test/f1": 0.45683060109289614, "test/roc_auc": 0.5097546012269939, "test/accuracy": 0.7370892018779343, "test/runtime": 1.7376, "test/samples_per_second": 245.17, "test/steps_per_second": 4.029, "classification_report": {"_type": "table-file", "sha256": "d1c025075be67acda33a6f571bcf59f5113e1943e52047284f4088a6af68ef5b", "size": 549, "artifact_path": "wandb-client-artifact://ddpd6hl77qp0wl10gil27iqxg1cdl741hgptto5sy51nhlw6byun0lno5agqflwqqwh0l0wa0mtfct1u3peldugl9aarjcu9x24fnefus523hrp1s72jnppj4j3bx5sw:latest/classification_report.table.json", "_latest_artifact_path": "wandb-client-artifact://ddpd6hl77qp0wl10gil27iqxg1cdl741hgptto5sy51nhlw6byun0lno5agqflwqqwh0l0wa0mtfct1u3peldugl9aarjcu9x24fnefus523hrp1s72jnppj4j3bx5sw:latest/classification_report.table.json", "path": "media/table/classification_report_23_d1c025075be67acda33a.table.json", "ncols": 7, "nrows": 4}, "_wandb": {"runtime": 529}}