{"train/loss": 0.0035, "train/learning_rate": 0.0, "train/epoch": 10.0, "train/global_step": 460, "_timestamp": 1686502163.1035645, "_runtime": 195.9206883907318, "_step": 23, "eval/loss": 0.31326168751822286, "eval/f1": 1.0, "eval/roc_auc": 1.0, "eval/accuracy": 1.0, "eval/runtime": 1.5123, "eval/samples_per_second": 33.063, "eval/steps_per_second": 8.596, "train/train_runtime": 181.3525, "train/train_samples_per_second": 10.036, "train/train_steps_per_second": 2.536, "train/total_flos": 241301615536800.0, "train/train_loss": 0.09836549273003703, "test/loss": 0.377916859932016, "test/f1": 0.9235886963968118, "test/roc_auc": 0.9868923611111111, "test/accuracy": 0.9353448275862069, "test/runtime": 7.4763, "test/samples_per_second": 31.031, "test/steps_per_second": 7.758, "classification_report": {"_type": "table-file", "sha256": "37be5c37769c7f53c4e44cbdda3ccbc19594110506013c5849a7efe7b37b51e7", "size": 530, "artifact_path": "wandb-client-artifact://4z9nodv14xe85m26wch8fl8pjw1055ghgxbicv83ps5plqp2ldhn9o9zdf7vbld5qtjon7wsx09o095pacb9jq19k2eha4sl7cf6zzzpnuqu97wlydy9i622zwo8b50c:latest/classification_report.table.json", "_latest_artifact_path": "wandb-client-artifact://4z9nodv14xe85m26wch8fl8pjw1055ghgxbicv83ps5plqp2ldhn9o9zdf7vbld5qtjon7wsx09o095pacb9jq19k2eha4sl7cf6zzzpnuqu97wlydy9i622zwo8b50c:latest/classification_report.table.json", "path": "media/table/classification_report_23_37be5c37769c7f53c4e4.table.json", "ncols": 7, "nrows": 4}, "_wandb": {"runtime": 195}}