{"Validation Accuracy": 0.3125, "Validation Macro F1": 0.2874493927125506, "Validation Precision": 0.47126436781609193, "_timestamp": 1686919554.976623, "_runtime": 761.9541549682617, "_step": 224, "Test Accuracy": 0.42857142857142855, "Test Macro F1": 0.42727272727272725, "Test Precision": 0.625, "_wandb": {"runtime": 761}}